hash,race,background,date,class,justClass,subclass,level,feats,HP,AC,Str,Dex,Con,Int,Wis,Cha,alignment,skills,weapons,spells,castingStat,choices,country,countryCode,processedAlignment,good,lawful,processedRace,processedSpells,processedWeapons,alias
459ebe5854ae7106e62a15970b1f2f8a,Lineage - Mamm,Smuggler,2021-07-03T15:33:52Z,Artificer 1,Artificer,,1,,11,12,12,8,17,15,12,7,,Athletics|Sleight of Hand|Arcana|Deception,"Shortbow|Sickle|Crossbow, light",,Int,,Spain,ES,,,,Tiefling,,"Shortbow|Sickle|Crossbow, Light",quirky_lamarr
69361c3f730d0a88a4c9601077b37365,Stout Halfling,Guild Artisan,2021-05-28T22:35:00Z,Artificer 1,Artificer,,1,,10,16,8,16,14,15,12,10,,Arcana|History|Insight|Persuasion,"Crossbow, light|Light hammer|Crossbow, light",,Int,,United States,US,,,,Halfling,,"Crossbow, Light|Light hammer|Crossbow, Light",trusting_cohen
fe3aaa20be9de2617ea86a7ef378c7c5,Dark Elf,Entertainer,2021-05-30T06:19:44Z,Artificer 1,Artificer,,1,,10,14,8,15,14,14,14,10,The winning alignment,Acrobatics|Arcana|Investigation|Perception|Performance,"Quarterstaff|Dagger|Crossbow, light",,Int,,Canada,CA,,,,Elf,,"Quarterstaff|Dagger|Crossbow, Light",eager_boyd
21262aab1da50ebe2cd8f785b0dcf558,Half-Orc,Guild Artisan,2021-10-16T01:08:25Z,Artificer 1,Artificer,Battle Smith,1,,11,15,13,13,16,15,13,11,,Arcana|History|Investigation|Insight|Intimidation|Persuasion,Handaxe|Pistol,Mending*0|Prestidigitation*0|Identify (Ritual)*1|Detect Magic (Ritual)*1,Int,,Canada,CA,,,,Half-Orc,Mending*0|Prestidigitation*0|Identify*1|Detect Magic*1,Handaxe|,compassionate_montalcini
5d130b5b120bc3b5ba41a50baca1445d,Rock Gnome,Guild Artisan,2021-10-14T12:38:11Z,Artificer 1,Artificer,,1,,9,15,8,13,13,17,14,10,,Insight|Medicine|Perception|Persuasion,"Mace|Quarterstaff|Crossbow, light",Mage Hand*0|Mending*0,Int,,United Kingdom,GB,,,,Gnome,Mage Hand*0|Mending*0,"Mace|Quarterstaff|Crossbow, Light",affectionate_nash
35a8cdbc7ae242b28270bb270ad56a04,Serpentblood,Outlander,2021-08-17T22:10:21Z,Artificer 1,Artificer,,1,,10,16,8,14,15,16,10,10,,Athletics|History|Investigation|Survival,"Dagger|Dagger|Crossbow, light",,Int,,United States,US,,,,Yaun-Ti,,"Dagger|Dagger|Crossbow, Light",jovial_mendel
4f2673b5020ccdb85704713bf30f3960,Human,Cloistered Scholar,2021-09-05T02:43:27Z,Artificer 1,Artificer,,1,Dual Wielder,11,17,10,15,16,18,13,14,,Arcana|History|Investigation|Religion|Perception,"Dagger|Dagger|Crossbow, light",Mending*0|Sword Burst*0|Detect Magic*1|Identify*1|Shield Of Faith*1|Feather Fall*1,Int,,United States,US,,,,Human,Mending*0|Sword Burst*0|Detect Magic*1|Identify*1|Shield of Faith*1|Feather Fall*1,"Dagger|Dagger|Crossbow, Light",infallible_banach
a8c45cd0013ffad4d6e27a19e2c884a2,Warforged,Sailor,2020-07-17T02:53:50Z,Artificer 1,Artificer,,1,,11,17,8,14,14,17,12,10,,Athletics|Arcana|History|Investigation|Perception,"Shortbow|Light hammer|Crossbow, light",,Int,,,,,,,Warforged,,"Shortbow|Light hammer|Crossbow, Light",silly_chaplygin
c9fc5dcbecc4ec7dd69ced0a5bf9fca2,Human,Custom,2020-05-04T00:38:58Z,Artificer 1,Artificer,,1,,7,14,15,15,15,19,16,14,,Arcana|History|Investigation|Survival,"Dagger|Dart|Crossbow, light",,Int,,Canada,CA,,,,Human,,"Dagger|Dart|Crossbow, Light",sad_kare
81e84312642e2260c22c20be1dfe5472,Warforged,House Lyrandra Soldier ,2020-08-16T09:53:59Z,Artificer 1,Artificer,,1,,12,19,10,18,18,18,16,14,,Sleight of Hand|Arcana|History|Investigation|Medicine|Perception|Survival|Persuasion,"Crossbow, light",,Int,,United States,US,,,,Warforged,,"Crossbow, Light",sleepy_dijkstra
2578fc9739724707bd8a6e00486432d0,Rock Gnome,Guild Artisan,2020-01-12T14:34:17Z,Artificer 1,Artificer,,1,,10,16,10,15,15,19,14,12,,Arcana|Investigation|Insight|Persuasion,"Handaxe|Crossbow, light|Crossbow, light",,Int,,,,,,,Gnome,,"Handaxe|Crossbow, Light|Crossbow, Light",romantic_gates
2fd7bb1aec1e4a4954d0682e30f9d2e9,Making,Criminal,2020-01-06T20:55:32Z,Artificer 1,Artificer,,1,,10,12,10,14,14,17,10,10,,Sleight of Hand|Stealth|Perception|Deception,Quarterstaff|Dagger,,Int,,United States,US,,,,Human,,Quarterstaff|Dagger,recursing_galileo
b6bc03b7ffe4fdc66507401cbd5ff922,Making Mark Human,Rival Intern,2020-02-01T00:21:02Z,Artificer 1,Artificer,,1,,10,18,8,14,15,17,12,8,Chaotic Good,Arcana|History|Investigation|Perception,Dagger|Light Hammer,Mending*0|Firebolt*0|Guidance*0|Absorb Elements*1|Alarm (ritual)*1|Catapult*1|Cure Wounds*1|Detect Magic (ritual)*1|Disguise Self*1|Expeditious Retreat*1|Faerie Fire*1|False Life*1|Feather Fall*1|Grease*1|Identify (ritual)*1|Jump*1|Longstrider*1|Purify Food and Drink*1|Sanctuary*1|Snare*1|Tenser's Floating Disk*1,Int,,United States,US,CG,,,Human,Mending*0|Fire Bolt*0|Guidance*0|Absorb Elements*1|Alarm*1|Catapult*1|Cure Wounds*1|Detect Magic*1|Disguise Self*1|Expeditious Retreat*1|Faerie Fire*1|False Life*1|Feather Fall*1|Grease*1|Identify*1|Jump*1|Longstrider*1|Purify Food and Drink*1|Sanctuary*1|Snare*1|Tenser's Floating Disk*1,Dagger|Light hammer,hungry_mayer
394e6ba197778bdcf0a88ae8deae6c54,Making,House Agent,2020-03-29T20:45:01Z,Artificer 1,Artificer,,1,,7,16,12,14,16,18,12,10,,Arcana|Investigation|Medicine|Persuasion,"Crossbow, light",,Int,,Canada,CA,,,,Human,,"Crossbow, Light",distracted_leakey
5ffa079bba2012dfaaee98f0ae1404db,Warforged,Guild Artisan,2021-03-04T16:53:28Z,Artificer 1,Artificer,,1,,8,16,10,12,10,16,14,13,,Sleight of Hand|Arcana|Insight|Perception|Persuasion,"Dagger|Quarterstaff|Crossbow, light",,Int,,United States,US,,,,Warforged,,"Dagger|Quarterstaff|Crossbow, Light",quirky_elbakyan
29336bd6ccb6bb4a9a1178503ee781be,Human,Custom,2021-03-05T06:16:39Z,Artificer 1,Artificer,,1,Telepathic,11,16,10,14,17,20,12,11,,Stealth|Arcana|Investigation|Medicine|Deception,"Dagger|Sling|Crossbow, light",Magic Stone*0|Mending*0|Absord Elements*1|Alarm*1|Catapult*1|Cure Wounds*1|Detect Magic*1|Disguise Self*1|Expeditious Retreat*1|Faerie Fire*1|Feather Fall*1|Grease*1|Identify*1|Jump*1|Longstrider*1|Purify Food And Drink*1|Sanctuary*1|Snare*1|Tasha's Caustic Brew*1,Int,,Canada,CA,,,,Human,Magic Stone*0|Mending*0|Absorb Elements*1|Alarm*1|Catapult*1|Cure Wounds*1|Detect Magic*1|Disguise Self*1|Expeditious Retreat*1|Faerie Fire*1|Feather Fall*1|Grease*1|Identify*1|Jump*1|Longstrider*1|Purify Food and Drink*1|Sanctuary*1|Snare*1|*,"Dagger|Sling|Crossbow, Light",ecstatic_kepler
bf508c7ef4f46913753288c28e23e9e2,Half-Elf,Shipwright,2022-03-24T02:01:19Z,Artificer 1,Artificer,,1,,10,12,8,15,14,16,12,10,,History|Investigation|Nature|Perception|Deception,Javelin|Dagger,,Int,,,,,,,Half-Elf,,Javelin|Dagger,jovial_merkle
1e4e6a7362871ea0f6b4c045ef0e1fe7,Kalashtar,Noble,2022-07-26T02:59:53Z,Artificer 1,Artificer,,1,,9,13,10,12,12,14,12,16,,Arcana|History|Medicine|Persuasion,"Dagger|Light hammer|Crossbow, light",,Int,,Canada,CA,,,,Kalashtar,,"Dagger|Light hammer|Crossbow, Light",silly_chatterjee
d6e455b079c1b7cb1d089ba452dc673c,Kenku,Far Traveler,2022-02-27T21:17:38Z,Artificer 1,Artificer,,1,,9,14,11,14,13,11,15,13,,Sleight of Hand|Stealth|Arcana|Insight|Medicine|Perception,"Dagger|Light hammer|Crossbow, light",,Int,,United States,US,,,,Kenku,,"Dagger|Light hammer|Crossbow, Light",recursing_stallman
dc3fabd5d29b9a33dac7e2be7371b275,Rock Gnome,Clan Crafter,2019-01-17T18:37:02Z,Artificer 1,Artificer,Alchemist,1,,10,12,8,14,14,16,12,12,,Sleight of Hand|Arcana|History|Investigation|Insight,"Dagger|Crossbow, light",Identify (Ritual)*1|Detect Magic (Ritual)*1,Int,alchemical formula/Swift Step Draught,,,,,,Gnome,Identify*1|Detect Magic*1,"Dagger|Crossbow, Light",silly_napier
d3abcedd7704a8ca3521a37ffca2c6ef,Hill Dwarf,Clan Crafter,2019-01-17T18:32:02Z,Artificer 1,Artificer,Alchemist,1,,12,14,14,12,16,14,10,10,,Sleight of Hand|Arcana|History|Investigation|Insight,"Crossbow, light|Warhammer",Identify (Ritual)*1|Detect Magic (Ritual)*1,Int,alchemical formula/Tanglefoot Bag,,,,,,Dwarf,Identify*1|Detect Magic*1,"Crossbow, Light|Warhammer",cocky_sanderson
01bfd9d2a052c8d1ac08fc22965de3dc,Tabaxi,Guild Artisan,2018-10-25T04:58:15Z,Artificer 1,Artificer,Alchemist,1,,10,14,8,15,14,15,10,13,,Stealth|Arcana|Investigation|Insight|Perception|Persuasion,,Detect Magic (Ritual)*1|Identify (Ritual)*1,Int,alchemical formula/Healing Draught,,,,,,Tabaxi,Detect Magic*1|Identify*1,,dazzling_noether
a60a18b4ad3e40b92b37111403a30f66,Warforged,Soldier,2022-02-15T21:17:36Z,Artificer 1,Artificer,,1,,12,17,12,15,18,16,13,9,Neutral Good,Athletics|Arcana|History|Investigation|Intimidation,Dagger|Dagger,Lightning Lure*0|Mending*0|Disguise Self*1|Absord Elements*1|Snare*1|Identify*1,Int,,United States,US,NG,,,Warforged,Lightning Lure*0|Mending*0|Disguise Self*1|Absorb Elements*1|Snare*1|Identify*1,Dagger|Dagger,mystifying_cori
b9f18e361e2359de3c693df6daff2d1b,Hill Dwarf,Soldier,2020-06-29T19:17:58Z,Artificer 2,Artificer,Battle Smith,2,,19,17,12,14,15,13,12,11,,Athletics|History|Investigation|Intimidation,"Crossbow, light|Battleaxe|Warhammer",Detect Magic (Ritual)*1|Identify (Ritual)*1,Int,wondrous invention (level 2)/Wondrous Invention - Cap of Water Breathing,,,,,,Dwarf,Detect Magic*1|Identify*1,"Crossbow, Light|Battleaxe|Warhammer",magical_feynman
d9c0bf3ec272cf6776eb3748d64020b4,Lineage - Meph,Clan Crafter,2020-06-19T00:59:24Z,Artificer 2,Artificer,,2,,21,15,12,12,16,18,12,9,,Arcana|History|Nature|Insight,"Handaxe|Spear|Crossbow, light",Poison Spray*0|Firebolt*0|Mage Hand*0|Catapult*1|Cure Wounds*1|False Life*1|Sanctuary*1|Disguise Self*1,Int,,Canada,CA,,,,Tiefling,Poison Spray*0|Fire Bolt*0|Mage Hand*0|Catapult*1|Cure Wounds*1|False Life*1|Sanctuary*1|Disguise Self*1,"Handaxe|Spear|Crossbow, Light",inspiring_davinci
27a5131abc9a5a99f8b53474f44a2f3a,Rock Gnome,Guild Artisan,2020-04-13T15:45:08Z,Artificer 2,Artificer,,2,,17,15,14,12,14,17,10,8,CG,Investigation|Insight|Medicine|Persuasion,"Mace|Crossbow, light",Firebolt*0|Mend*0|Catapult*1|Cure Wounds*1|Identify*1|Sanctuary*1,Int,,United Kingdom,GB,CG,,,Gnome,Fire Bolt*0|Mending*0|Catapult*1|Cure Wounds*1|Identify*1|Sanctuary*1,"Mace|Crossbow, Light",dazzling_poitras
8d9b614e9db443b471d4fef31444797f,Rock Gnome,Sage,2021-01-09T03:35:30Z,Artificer 2,Artificer,,2,,19,14,8,14,16,16,12,8,,Sleight of Hand|Arcana|History|Investigation,"Club|Dagger|Crossbow, light",,Int,,Canada,CA,,,,Gnome,,"Club|Dagger|Crossbow, Light",sharp_pasteur
480821732fc1f56afb86ebceb968ebd8,Lizardfolk,Clan Crafter,2021-07-16T04:11:45Z,Artificer 2,Artificer,,2,,12,15,7,16,10,11,12,16,True Neutral ,Sleight of Hand|History|Investigation|Insight|Perception|Survival,"Mace|Dart|Crossbow Of Repeating Shot, light",Spare The Dying*0|Grease*1|Catapult*1,Int,,United States,US,NN,,,Lizardfolk,Spare the Dying*0|Grease*1|Catapult*1,"Mace|Dart|Crossbow, Light",affectionate_bardeen
39df49bede47baf8b5c892f8b13f7768,High Elf,"City Watch, Investigator",2021-04-20T04:34:26Z,Artificer 2,Artificer,,2,,13,15,15,17,11,17,11,11,,Arcana|Investigation|Nature|Insight|Perception,"Spear|Crossbow, light|Handaxe",Produce Flame*0|Mending *0|Message*0|Cure Wounds*1|Identify*1|Purify Food and Drink*1|Snare*1,Int,,,,,,,Elf,Produce Flame*0|Mending*0|Message*0|Cure Wounds*1|Identify*1|Purify Food and Drink*1|Snare*1,"Spear|Crossbow, Light|Handaxe",jovial_swirles
ccb074ba1b3c9c0d4aea4cc0d470b58d,Human,Folk Hero,2021-06-06T23:40:15Z,Artificer 2,Artificer,,2,Telekinetic,19,16,12,14,17,19,12,13,,Sleight of Hand|Investigation|Animal Handling|Perception|Survival,"Greatclub|Handaxe|Crossbow, light",,Int,,Canada,CA,,,,Human,,"Greatclub|Handaxe|Crossbow, Light",distracted_mclean
ea31775ca7cf13a4e76fa811b6643cbe,Warforged,Sage,2021-12-08T23:40:11Z,Artificer 2,Artificer,,2,,19,20,8,14,16,16,12,8,Chaotic Good,Arcana|History|Investigation|Nature|Perception,"Crossbow, light|Dagger|Crossbow, light",Raio de FogoðŸ”¥*0|MÃ£os MÃ¡gicas*0| Curar Ferimentos*1|Fogo das Fadas*1|Tasha's Caustic Brew*1|Recuo Acelerado*1,Int,,Brazil,BR,CG,,,Warforged,*|*|*|Fog Cloud*1|*|*,"Crossbow, Light|Dagger|Crossbow, Light",compassionate_hawking
9e0855085b791aa215722d6b5bc12205,Harefolk,Far Traveler,2022-04-07T22:37:45Z,Artificer 2,Artificer,,2,,15,15,10,16,12,18,7,9,Chaotic Neutral,Sleight of Hand|Arcana|Insight|Perception,"Light hammer|Handaxe|Crossbow, light",Booming Blade*0|Mending*0|Catapult*1|Grease*1,Int,,,,CN,,,,Booming Blade*0|Mending*0|Catapult*1|Grease*1,"Light hammer|Handaxe|Crossbow, Light",sweet_hermann
5a1ef909bcdf340ed4999c5b859b938b,Half-Orc,Barbarian Tribe Member,2021-06-28T18:03:45Z,Artificer 3,Artificer,Artillerist,3,,24,14,14,14,14,15,8,10,,Athletics|Sleight of Hand|Perception|Survival|Intimidation,"Crossbow, light|Handaxe",Mending*0|Fire Bolt*0|Grease*1|Discise Self*1|Purify Food And Drink*1|Shield*1|Thunderwave*1,Int,,Canada,CA,,,,Half-Orc,Mending*0|Fire Bolt*0|Grease*1|Disguise Self*1|Purify Food and Drink*1|Shield*1|Thunderwave*1,"Crossbow, Light|Handaxe",objective_knuth
d308fddd3f6e048099b8df714d769b90,Kobold,Far Traveler,2022-04-16T16:32:40Z,Artificer 3,Artificer,Battle Smith,3,,31,16,17,15,16,18,12,14,,Sleight of Hand|Investigation|Insight|Perception,"Handaxe|Crossbow, light|Crossbow, light",Heroism*1|Shield*1,Int,,United States,US,,,,Kobold,Heroism*1|Shield*1,"Handaxe|Crossbow, Light|Crossbow, Light",stoic_wilson
184e33c8fa836be640db1629ba9d5c0a,Forest Gnome,Haunted One,2021-07-30T02:26:55Z,Artificer 3,Artificer,Battle Smith,3,,30,15,10,16,14,18,12,12,,Sleight of Hand|Arcana|Investigation|Survival,"Light hammer|Dagger|Crossbow, light",Heroism*1|Shield*1,Int,,,,,,,Gnome,Heroism*1|Shield*1,"Light hammer|Dagger|Crossbow, Light",quirky_saha
a081c464e17d6ccf369baea93b312975,Rock Gnome,Sage,2022-08-01T23:09:26Z,Artificer 3,Artificer,Alchemist,3,,24,16,8,14,14,17,12,10,,Sleight of Hand|Arcana|History|Investigation,"Dagger|Dagger|Crossbow, light",Acid Splash*0|Fire Bolt*0|Healing Word*1|Ray of Sickness*1|Fairie Fire*1,Int,,Canada,CA,,,,Gnome,Acid Splash*0|Fire Bolt*0|Healing Word*1|Ray of Sickness*1|Faerie Fire*1,"Dagger|Dagger|Crossbow, Light",blissful_tereshkova
73f3db5808714c20d898c98a254d96fb,Mountain Dwarf,Guild Artisan,2021-04-21T20:44:59Z,Artificer 3,Artificer,Armorer,3,,36,14,14,9,20,17,12,10,,Investigation|Insight|Perception|Persuasion,"Light hammer|Handaxe|Crossbow, light|Warhammer",Magic Missile*1|Thunderwave*1,Int,,United States,US,,,,Dwarf,Magic Missile*1|Thunderwave*1,"Light hammer|Handaxe|Crossbow, Light|Warhammer",happy_mestorf
bd8788572e92919592e2cb414e654690,Yuan-ti pureblood,Haunted One,2020-03-26T23:20:06Z,Artificer 3,Artificer,Battle Smith,3,,30,15,9,13,14,16,9,14,,Arcana|History|Investigation|Nature,Pistol|Dagger|Musket,Mending*0|Thorn Whip*0|Cure Wounds*1|Absorb Elements*1|Faerie Fire*1|Heroism*1|Shield*1,Int,,,,,,,Yaun-Ti,Mending*0|Thorn Whip*0|Cure Wounds*1|Absorb Elements*1|Faerie Fire*1|Heroism*1|Shield*1,|Dagger|,condescending_ellis
fa750b774f789c7c122f9a16d6fde089,Human,Knight,2021-12-14T02:26:22Z,Artificer 3,Artificer,Alchemist,3,,28,12,16,11,16,17,15,11,lawful good,Arcana|Investigation|Medicine|Persuasion,,Healing Word*1|Ray of Sickness*1,Int,,United States,US,LG,,,Human,Healing Word*1|Ray of Sickness*1,,wizardly_perlman
01a6f561cb525061bd1ae6def43a6f25,Human,Criminal,2021-12-20T10:38:13Z,Artificer 3,Artificer,Artillerist,3,Alert,24,15,12,16,14,16,14,15,,Sleight of Hand|Stealth|Perception|Deception,"Handaxe|Quarterstaff|Crossbow, light",Mage Hand*0|Firebolt*0|Shield*1|Thunderwave*1|Cure Wounds *1|Tashas Caustic Brew*1|Faerie Fire*1|Disguise Self*1,Int,,United States,US,,,,Human,Mage Hand*0|Fire Bolt*0|Shield*1|Thunderwave*1|Cure Wounds*1|*|Faerie Fire*1|Disguise Self*1,"Handaxe|Quarterstaff|Crossbow, Light",xenodochial_poitras
ec1d12d839415f361a55ee5deda7dfe2,High Elf,Clan Crafter,2021-12-02T14:45:26Z,Artificer 3,Artificer,Artillerist,3,,24,16,8,16,14,16,12,8,,Arcana|History|Investigation|Insight|Perception,"Dagger|Crossbow, light|Crossbow, light",Shield*1|Thunderwave*1,Int,,,,,,,Elf,Shield*1|Thunderwave*1,"Dagger|Crossbow, Light|Crossbow, Light",modest_mestorf
e2abc415d284dc30a62a0a3bf276f93e,Making,Clan Crafter,2021-11-30T22:28:38Z,Artificer 3,Artificer,Battle Smith,3,,19,13,12,12,10,19,15,12,,Arcana|History|Nature|Insight,"Spear|Crossbow, light",Heroism*1|Shield*1,Int,,Canada,CA,,,,Human,Heroism*1|Shield*1,"Spear|Crossbow, Light",distracted_keldysh
5da398e8028e952c8fd084c26bffbb7e,Fairy,Clan Crafter,2021-12-29T02:10:36Z,Artificer 3,Artificer,Armorer,3,,27,14,8,14,16,15,10,10,,Arcana|History|Investigation|Insight,"Crossbow, light|Spear|Crossbow, light",Magic Missile*1|Thunderwave*1,Int,,Canada,CA,,,,,Magic Missile*1|Thunderwave*1,"Crossbow, Light|Spear|Crossbow, Light",gifted_gould
d31b4f3185dc02264ce8618e1fad73d8,Rock Gnome,Guild Member - Technology,2019-02-14T20:22:04Z,Artificer 3,Artificer,,3,,21,12,7,10,12,18,10,16,,Arcana|History|Investigation|Nature|Deception,"Light hammer|Handaxe|Crossbow, light",Identify*0|Detect Magic*0,Int,,Italy,IT,,,,Gnome,*|*,"Light hammer|Handaxe|Crossbow, Light",dazzling_goldberg
c958b789e212cab820eafa21304de962,Firbolg,Outlander,2022-04-05T08:56:18Z,Artificer 3,Artificer,Battle Smith,3,,28,16,14,12,17,20,11,8,Chaotic Neutral,Athletics|Arcana|Nature|Survival,"Quarterstaff|Spear|Crossbow, Light|Spear Throw",Booming Blade*0|Green-Flame Blade*0|Alarm*1|Cure Wounds*1|Detect Magic (Racial) 1/SR*1|Faerie Fire*1|Identify*1|Jump*1|Disguise Self (Racial) 1/SR*1|Invisible (racial) 1/SR*1|Grease*1|Heroism*1|Shield*1,Int,,,,CN,,,Firbolg,Booming Blade*0|Green-Flame Blade*0|Alarm*1|Cure Wounds*1|Detect Magic*1|Faerie Fire*1|Identify*1|Jump*1|Disguise Self*1|*|Grease*1|Heroism*1|Shield*1,"Quarterstaff|Spear|Crossbow, Light|Spear",laughing_spence
25bd6a46b844f95a23fc9c0ec6fb66dd,Half-Elf,Far Traveler,2021-09-30T18:39:06Z,Artificer 3,Artificer,Battle Smith,3,,25,14,8,15,14,15,12,12,Chaotic good,Sleight of Hand|Arcana|History|Investigation|Insight|Perception,Longsword|Dagger,Firebolt*0|Lightning Lure*0|Heroism*1|Shield*1,Int,,United States,US,CG,,,Half-Elf,Fire Bolt*0|Lightning Lure*0|Heroism*1|Shield*1,Longsword|Dagger,elegant_bhaskara
3dedfbaf7b17acc2fbc15b5d999be322,High Elf,Noble,2022-03-29T17:16:05Z,Artificer 3,Artificer,Battle Smith,3,,25,16,8,18,14,18,11,12,Chaotic Good,Arcana|History|Investigation|Perception|Persuasion,"Crossbow, light|Dagger|Dagger",Mending*0|Mage Hand*0|Minor Illusion*0|Identify*1|Sanctuary*1|Heroism*1|Shield*1,Int,,Canada,CA,CG,,,Elf,Mending*0|Mage Hand*0|Minor Illusion*0|Identify*1|Sanctuary*1|Heroism*1|Shield*1,"Crossbow, Light|Dagger|Dagger",reverent_proskuriakova
121139a649836785131d35ca6c478604,Half-Elf,Clan Crafter,2021-09-02T01:12:42Z,Artificer 3,Artificer,Armorer,3,,24,13,8,12,14,16,12,12,,Arcana|History|Investigation|Nature|Insight|Perception,"Dagger|Shortbow|Crossbow, light",Fire Bolt*0|Mage Hand*0|Magic Missile*1|Thunderwave*1|Feather Fall*1|Absorb Elements*1|Cure Wounds*1,Int,,United States,US,,,,Half-Elf,Fire Bolt*0|Mage Hand*0|Magic Missile*1|Thunderwave*1|Feather Fall*1|Absorb Elements*1|Cure Wounds*1,"Dagger|Shortbow|Crossbow, Light",boring_wright
ec7ec8b92570ab411ee18a71ac943d3e,Human,Urban Bounty Hunter,2021-08-13T18:38:56Z,Artificer 3,Artificer,Artillerist,3,Fey Touched,21,14,11,14,12,20,16,11,,Stealth|Investigation|Insight|Perception|Deception,"Crossbow, light",Shield*1|Thunderwave*1,Int,,,,,,,Human,Shield*1|Thunderwave*1,"Crossbow, Light",trusting_saha
c0f52656f6faf49d56bd80d35e1bb29c,Goliath,Criminal,2021-11-08T18:53:48Z,Artificer 3,Artificer,Artillerist,3,,30,16,20,15,18,15,13,11,Neutral Good,Athletics|Stealth|Arcana|Perception|Deception,"Light hammer|Light hammer|Crossbow, light",Prestidigitation*0|Firebolt*0|Absorb Elements*1|Cure Wounds*1|Shield*1|Thunderwave*1,Int,,,,NG,,,Goliath,Prestidigitation*0|Fire Bolt*0|Absorb Elements*1|Cure Wounds*1|Shield*1|Thunderwave*1,"Light hammer|Light hammer|Crossbow, Light",tender_mccarthy
dffb8c694e61c0d9d649b4b3c18ae9e2,Warforged,Cloistered Scholar,2020-07-26T17:28:06Z,Artificer 3,Artificer,Artillerist,3,,27,15,10,14,16,16,10,8,,Arcana|History|Investigation|Medicine|Perception,"Crossbow, light|Spear|Crossbow, light",Mending*0|Shield*1|Thunderwave*1,Int,,,,,,,Warforged,Mending*0|Shield*1|Thunderwave*1,"Crossbow, Light|Spear|Crossbow, Light",jovial_burnell
63acc6498d13af740a150c18e7ee8773,Hunt,Urban Bounty Hunter,2020-08-05T00:24:58Z,Artificer 3,Artificer,Artillerist,3,,27,15,12,16,13,14,12,8,,Stealth|Arcana|Perception|Survival|Deception,"Greatclub|Mace|Crossbow, light",Shield*1|Thunderwave*1,Int,,United States,US,,,,Shifter,Shield*1|Thunderwave*1,"Greatclub|Mace|Crossbow, Light",friendly_euler
aec130b9e31a8b5da8e9f1aec5723bf7,Tiefling,Clan Crafter,2020-08-19T00:33:56Z,Artificer 3,Artificer,Artillerist,3,,30,14,10,15,14,16,12,8,,Arcana|History|Investigation|Insight,"Greatclub|Crossbow, light|Crossbow, light",Shield*1|Thunderwave*1,Int,tiefling variants menu/Winged,United States,US,,,,Tiefling,Shield*1|Thunderwave*1,"Greatclub|Crossbow, Light|Crossbow, Light",youthful_mirzakhani
137030ca6dfd6e34d03e393b666203d3,Changeling,Far Traveler,2020-04-07T03:42:23Z,Artificer 3,Artificer,Alchemist,3,,30,15,11,16,14,18,15,18,C/G,Arcana|Investigation|Insight|Perception|Persuasion,"Dagger|Light Hammer|Crossbow, Light",Firebolt*0|Mending*0|Healing Word*1|Ray of Sickness*1|Faerie Fire*1|Featherfall*1|Grease*1|Catapult*1|Sanctuary*1,Int,,United States,US,CG,,,Changeling,Fire Bolt*0|Mending*0|Healing Word*1|Ray of Sickness*1|Faerie Fire*1|Feather Fall*1|Grease*1|Catapult*1|Sanctuary*1,"Dagger|Light hammer|Crossbow, Light",zen_williams
32d5bf748a834dec13153a2dafc458fa,Warforged,Lyrandra Navy/ Marine Officer,2020-08-30T02:18:26Z,Artificer 3,Artificer,Battle Smith,3,,38,21,15,18,20,20,17,16,LN,Athletics|Acrobatics|Sleight of Hand|Arcana|History|Investigation|Animal Handling|Medicine|Perception|Survival|Persuasion,"Whip|Dagger|Spear|Rapier|Crossbow, hand|Crossbow, heavy",Spare The Dying*0|Mending*0|Prestidigitation *0|Cure Wounds*1|LongStrider*1|Expeditious Retreat*1|Heroism*1|Shield*1,Int,,United States,US,LN,,,Warforged,Spare the Dying*0|Mending*0|Prestidigitation*0|Cure Wounds*1|Longstrider*1|Expeditious Retreat*1|Heroism*1|Shield*1,"Whip|Dagger|Spear|Rapier|Crossbow, hand|Crossbow, Heavy",happy_varahamihira
af9cbb6f40241a32834b9655719e6b63,Forest Gnome,Clan Crafter,2020-11-14T00:46:21Z,Artificer 3,Artificer,Battle Smith,3,,24,16,10,14,14,17,10,10,LG,History|Investigation|Nature|Insight,"Quarterstaff|Crossbow, light",Minor Illusion*0|Mending*0|Message*0|Heroism*1|Shield*1|Cure Wounds*1|Feather Fall*1|Identify*1,Int,,,,LG,,,Gnome,Minor Illusion*0|Mending*0|Message*0|Heroism*1|Shield*1|Cure Wounds*1|Feather Fall*1|Identify*1,"Quarterstaff|Crossbow, Light",goofy_jang
64d21dee6c5a2273bfae82f7c34cae14,Sea Elf,Guild Artisan,2022-07-05T13:51:36Z,Artificer 3,Artificer,Alchemist,3,,30,15,10,16,17,18,14,13,,Investigation|Nature|Insight|Perception|Persuasion,"Quarterstaff|Light hammer|Crossbow, light",Healing Word*1|Ray of Sickness*1,Int,,,,,,,Elf,Healing Word*1|Ray of Sickness*1,"Quarterstaff|Light hammer|Crossbow, Light",nervous_jackson
bc22018403698843e0f40ea6a2fb41f6,Warforged,Knight,2020-08-06T08:29:23Z,Artificer 3,Artificer,Artillerist,3,,30,16,14,12,18,14,12,11,LN,Arcana|History|Insight|Medicine|Persuasion,"Greatclub|Dagger|Crossbow, light|Crossbow, light",Fire Bolt *0|Mage Hand *0|Cure Wounds*1|Arcane Weapon*1|Jump*1|Shield*1|Thunderwave*1,Int,,United States,US,LN,,,Warforged,Fire Bolt*0|Mage Hand*0|Cure Wounds*1|*|Jump*1|Shield*1|Thunderwave*1,"Greatclub|Dagger|Crossbow, Light|Crossbow, Light",stoic_shtern
e0563ac97d5c351c7bdf41babf7a4fb1,Minotaur,Guild Artisan,2020-08-12T00:58:34Z,Artificer 3,Artificer,Battle Smith,3,,27,13,16,13,13,15,10,8,,Arcana|Insight|Perception|Persuasion,"Greatclub|Mace|Crossbow, light",Heroism*1|Shield*1,Int,,United States,US,,,,Minotaur,Heroism*1|Shield*1,"Greatclub|Mace|Crossbow, Light",sweet_almeida
b629b5e520cf863b034c690425c7047d,Warforged,Shipwright,2020-05-23T20:05:42Z,Artificer 3,Artificer,Battle Smith,3,,27,17,12,16,17,18,14,10,,Arcana|History|Investigation|Nature|Perception,"Javelin|Sling|Crossbow, light",Heroism*1|Shield*1,Int,,,,,,,Warforged,Heroism*1|Shield*1,"Javelin|Sling|Crossbow, Light",agitated_zhukovsky
e8b1a9343889577a5f70cf274a1df1ba,Warforged,Soldier,2022-06-18T11:21:28Z,Artificer 3,Artificer,Armorer,3,,30,20,9,14,18,20,15,9,lawful Neutral,Athletics|Arcana|History|Investigation|Perception,"Crossbow, light",Guidance*0|Thornwhip*0|Shield*1|Thunderwave*1|Absorb Elements*1|Alarm*1|Catapult*1|Cure Wounds*1|Detect Magic*1|Disguise Self*1|Expeditious Retreat*1|Faerie Fire*1|False Life*1|Feather Fall*1|Grease*1|Identify*1|Jump*1|Longstrider*1|Purify Food and Drink*1|Sanctuary*1|Snare*1|Tasha's Caustic Brew*1,Int,,Canada,CA,LN,,,Warforged,Guidance*0|Thorn Whip*0|Shield*1|Thunderwave*1|Absorb Elements*1|Alarm*1|Catapult*1|Cure Wounds*1|Detect Magic*1|Disguise Self*1|Expeditious Retreat*1|Faerie Fire*1|False Life*1|Feather Fall*1|Grease*1|Identify*1|Jump*1|Longstrider*1|Purify Food and Drink*1|Sanctuary*1|Snare*1|*,"Crossbow, Light",suspicious_moser
19055794e203fd64aeb528aa08cfbc07,Warforged,Acolyte,2020-07-01T04:38:26Z,Artificer 3,Artificer,Artillerist,3,,33,17,9,15,20,18,10,12,Chaotic Good,Stealth|Arcana|History|Religion|Insight,"Handaxe|Light hammer|Crossbow, light",Mending*0|Thorn Whip*0|Shield*1|Thunderwave*1|Feather Fall*1|Absorb Elements*1|Cure Wounds*1|Disguise Self*1|Purify Food And Drink*1,Int,,Mexico,MX,CG,,,Warforged,Mending*0|Thorn Whip*0|Shield*1|Thunderwave*1|Feather Fall*1|Absorb Elements*1|Cure Wounds*1|Disguise Self*1|Purify Food and Drink*1,"Handaxe|Light hammer|Crossbow, Light",sweet_lalande
04660469f5f5eab210b6e499d0aa5df2,Deep Gnome,Sage,2020-09-10T02:02:23Z,Artificer 3,Artificer,Battle Smith,3,,24,12,8,14,14,18,11,7,,Arcana|History|Investigation|Nature,Dagger|Quarterstaff,Heroism*1|Shield*1,Int,,,,,,,Gnome,Heroism*1|Shield*1,Dagger|Quarterstaff,friendly_roentgen
506ad414ab2b598cb7a8009e130bc3fe,Mountain Dwarf,Mercenary Veteran,2021-06-25T19:54:06Z,Artificer 4,Artificer,Artillerist,4,Sharpshooter,39,17,12,14,19,20,12,12,,Athletics|Arcana|Perception|Persuasion,"Warhammer|Crossbow, heavy",Shield*1|Thunderwave*1,Int,,Canada,CA,,,,Dwarf,Shield*1|Thunderwave*1,"Warhammer|Crossbow, Heavy",pedantic_bhaskara
798f1b94fba27a14cd33308c83978707,Fairy,Clan Crafter,2021-11-16T21:27:55Z,Artificer 4,Artificer,Artillerist,4,,31,14,8,15,15,18,12,8,C/G,Arcana|History|Insight|Perception,"Sling|Dagger|Crossbow, light",Shield*1|Thunderwave*1,Int,,,,CG,,,,Shield*1|Thunderwave*1,"Sling|Dagger|Crossbow, Light",upbeat_noether
130481d5a9843514a5537b7e6b7fec06,Rock Gnome,Urchin,2020-09-07T19:35:30Z,Artificer 4,Artificer,Battle Smith,4,,33,14,8,14,16,18,12,8,,Sleight of Hand|Stealth|Arcana|Investigation,"Crossbow, light|Handaxe|Crossbow, light",Mending*0|Fire Bolt*0|Heroism*1|Shield*1|Cure Wounds*1|Sanctuary*1|Faerie Fire*1,Int,,Canada,CA,,,,Gnome,Mending*0|Fire Bolt*0|Heroism*1|Shield*1|Cure Wounds*1|Sanctuary*1|Faerie Fire*1,"Crossbow, Light|Handaxe|Crossbow, Light",pedantic_khayyam
3ac5d6b8c4e13e3aabdbe2e7111c524d,Dragonborn,Custom,2020-11-16T16:22:54Z,Artificer 4,Artificer,Artillerist,4,Heavily Armored,27,21,18,11,13,16,10,9,,Athletics|Arcana|History|Investigation,Mace,Shield*1|Thunderwave*1,Int,,United Kingdom,GB,,,,Dragonborn,Shield*1|Thunderwave*1,Mace,priceless_wilson
72c45aa52fb2aafe042ad927dfceadf7,Custom,Sage,2022-07-21T03:52:27Z,Artificer 4,Artificer,Battle Smith,4,Gunner|Dual Wielder,31,16,16,17,15,20,7,12,,Arcana|History|Medicine|Perception|Deception,"Sling|Dagger|Crossbow, light",Heroism*1|Shield*1,Int,custom lineage variable trait/Skill,United States,US,,,,Custom,Heroism*1|Shield*1,"Sling|Dagger|Crossbow, Light",objective_kilby
3806390a950d1b2582befe9dad171c1a,Human,Guild Artisan,2018-12-01T17:17:03Z,Artificer 4,Artificer,Gunsmith,4,Keen Mind,37,18,13,20,16,18,14,14,NG,Arcana|History|Investigation|Insight|Perception|Persuasion,"Handaxe|Crossbow, light|Thunder Cannon|Thunder Monger",Mending*0|Identify (Ritual)*1|Detect Magic (Ritual)*1|Alarm (Ritual)*1|Cure Wounds*1|Disguise Self*1|Shield of Faith*1,Int,,United States,US,NG,,,Human,Mending*0|Identify*1|Detect Magic*1|Alarm*1|Cure Wounds*1|Disguise Self*1|Shield of Faith*1,"Handaxe|Crossbow, Light||",crazy_moore
6efa34639473124bc231e08adec42085,Wood Elf,Guild Member - Law,2019-12-13T05:24:10Z,Artificer 4,Artificer,Artillerist,4,Magic Initiate,32,14,11,15,14,16,12,15,LG,History|Investigation|Insight|Perception,"Crossbow, light|Dagger|Spell Cannon",Find Familiar*0|Firebolt*0|Mending*0|Guidance*0|Shield (Racial)*1|Thunderwave (Racial)*1|Cure Wounds*1|Absorb Elements*1|Command*1|Ensnaring Strike*1|Faerie Fire*1|Identify (Ritual)*1|Guiding Bolt*1,Int,,United States,US,LG,,,Elf,*|Fire Bolt*0|Mending*0|Guidance*0|Shield*1|Thunderwave*1|Cure Wounds*1|Absorb Elements*1|Command*1|Ensnaring Strike*1|Faerie Fire*1|Identify*1|Guiding Bolt*1,"Crossbow, Light|Dagger|",focused_lewin
fe62463f5a7bffc0e64f605e801985e7,Human,Hermit,2020-01-19T21:52:54Z,Artificer 4,Artificer,Alchemist,4,,31,15,14,16,12,18,10,9,,Investigation|Nature|Religion|Medicine,"Handaxe|Dagger|Crossbow, light",Healing Word*1|Ray of Sickness*1,Int,,Mexico,MX,,,,Human,Healing Word*1|Ray of Sickness*1,"Handaxe|Dagger|Crossbow, Light",gifted_newton
a31022f5ca6c78aa63388e883fa4b2f0,Birdfolk,Sage,2022-05-02T22:28:40Z,Artificer 4,Artificer,Artillerist,4,Lucky,27,15,10,16,12,15,14,8,Lawful Good,Arcana|History|Investigation|Perception,"Pistol|Crossbow, light",Firebolt*0|Mending*0|Shield*1|Thunderwave*1|Cute Wounds*1|Faerie Fire*1,Int,,,,LG,,,Aarakocra,Fire Bolt*0|Mending*0|Shield*1|Thunderwave*1|Cure Wounds*1|Faerie Fire*1,"|Crossbow, Light",trusting_mendeleev
e5458fac5eae29b300384978cd772a45,Hin,Guild Artisan,2020-04-29T12:08:25Z,Artificer 4,Artificer,Artillerist,4,,27,16,9,16,13,18,10,14,,Sleight of Hand|Arcana|Insight|Persuasion,"Dagger|Dagger|Crossbow, light",Firebolt*0|Mending*0|Shield*1|Thunderwave*1|Cure Wounds*1|Catapult*1|Expeditious Retreat*1|Detect Magic*1,Int,,United Kingdom,GB,,,,,Fire Bolt*0|Mending*0|Shield*1|Thunderwave*1|Cure Wounds*1|Catapult*1|Expeditious Retreat*1|Detect Magic*1,"Dagger|Dagger|Crossbow, Light",zen_elion
6516d4d5f079b5c305e0d86ce6a4d943,Tiefling,Cloistered Scholar,2020-03-28T07:30:27Z,Artificer 4,Artificer,Artillerist,4,,35,13,10,12,16,18,12,13,,Arcana|History|Investigation|Medicine,"Crossbow, light|Dagger",Cure Wounds*0|Asborb Elements*0|Identify (Ritual)*1|Detect Magic (Ritual)*1,Int,,Canada,CA,,,,Tiefling,*|*|Identify*1|Detect Magic*1,"Crossbow, Light|Dagger",peaceful_volhard
8edd1d0bcfea59742003c5be014405b1,Making,Faction Agent,2022-05-11T00:00:50Z,Artificer 4,Artificer,Armorer,4,,33,18,8,14,16,18,10,10,,Arcana|Investigation|Insight|Perception,"Crossbow, light",Shocking Grasp*0|Mending*0|Spare The Dying*0|Magic Missile*1|Thunderwave*1|Absorb Elements*1|Alarm*1|Catapult*1|Cure Wounds*1|Detect Magic*1|Disguise Self*1|Expeditious Retreat*1|Faerie Fire*1|False Life*1|Feather Fall*1|Grease*1|Identify*1|Jump*1|Longstrider*1|Purify Food And Drink*1|Sanctuary*1|Snare*1|Tasha's Caustic Brew*1,Int,,United States,US,,,,Human,Shocking Grasp*0|Mending*0|Spare the Dying*0|Magic Missile*1|Thunderwave*1|Absorb Elements*1|Alarm*1|Catapult*1|Cure Wounds*1|Detect Magic*1|Disguise Self*1|Expeditious Retreat*1|Faerie Fire*1|False Life*1|Feather Fall*1|Grease*1|Identify*1|Jump*1|Longstrider*1|Purify Food and Drink*1|Sanctuary*1|Snare*1|*,"Crossbow, Light",sharp_mclaren
b3718b245b41e4e996b55ac28fd62d74,Warforged,City Watch,2020-05-03T16:49:29Z,Artificer 4,Artificer,Artillerist,4,,32,17,13,12,16,18,8,10,,Athletics|Arcana|Investigation|Insight|Perception,"Club|Club|Crossbow, light",Light*0|Firebolt*0|Mending*0|Shield*1|Thunderwave*1|Alarm*1|Jump*1|Sanctuary*1,Int,,United States,US,,,,Warforged,Light*0|Fire Bolt*0|Mending*0|Shield*1|Thunderwave*1|Alarm*1|Jump*1|Sanctuary*1,"Club|Club|Crossbow, Light",elated_mirzakhani
00b24924df7efda1b90f6c1b27c31a03,Rock Gnome,Sage,2021-05-21T14:38:29Z,Artificer 4,Artificer,Alchemist,4,Elemental Adept,42,11,11,13,17,20,12,10,Chaotic Nuetral,Arcana|History|Investigation|Perception,"Light Hammer|Dagger|Crossbow, Light",Acid Splash*0|Booming Blade*0|Create Bonfire*0|Dancing Lights*0|Fire Bolt*0|Frostbite*0|Grean-Flame Blade*0|Guidance*0|Light*0|Lightning Lure*0|Mage Hand*0|Magic Stone*0|Mending*0|Message*0|Poison Spray*0|Prestigitation*0|Ray Of Frost*0|Resistance*0|Shocking Grasp*0|Spare The Dying*0|Sword Burst*0|Thorn Whip*0|Thinderclap*0|Healing Word*1|Ray of Sickness*1|Absorb Elements*1|Alarm*1|Arcane Weapon*1|Catapult*1|Cure Wounds*1|Detect Magic*1|Disguise Self*1|Expiditious Retreat*1|Farie Fire*1|Feather Fall*1|Grease*1|Identify*1|Jump*1|Longstrider*1|Purify Food And Drink*1|Santuary*1|Snare*1|Tasha's Caustic Brew*1,Int,,United States,US,CN,,,Gnome,Acid Splash*0|Booming Blade*0|Create Bonfire*0|Dancing Lights*0|Fire Bolt*0|Frostbite*0|Green-Flame Blade*0|Guidance*0|Light*0|Lightning Lure*0|Mage Hand*0|Magic Stone*0|Mending*0|Message*0|Poison Spray*0|Prestidigitation*0|Ray of Frost*0|Resistance*0|Shocking Grasp*0|Spare the Dying*0|Sword Burst*0|Thorn Whip*0|Thunderclap*0|Healing Word*1|Ray of Sickness*1|Absorb Elements*1|Alarm*1|*|Catapult*1|Cure Wounds*1|Detect Magic*1|Disguise Self*1|Expeditious Retreat*1|Faerie Fire*1|Feather Fall*1|Grease*1|Identify*1|Jump*1|Longstrider*1|Purify Food and Drink*1|Sanctuary*1|Snare*1|*,"Light hammer|Dagger|Crossbow, Light",hungry_lamarr
32924540298a5aefe0acb7e1a1a26b8f,Mountain Dwarf,City Watch,2021-10-24T20:15:12Z,Artificer 5,Artificer,Battle Smith,5,Sentinel,43,15,8,10,16,17,13,12,LG,Athletics|Arcana|Insight|Perception,"Battleaxe|Dagger|Crossbow, Light",Lightning Lure*0|Mending*0|Heroism*1|Shield*1|Branding Smite*2|Warding Bond*2,Int,,Canada,CA,LG,,,Dwarf,Lightning Lure*0|Mending*0|Heroism*1|Shield*1|Branding Smite*2|Warding Bond*2,"Battleaxe|Dagger|Crossbow, Light",priceless_wu
7b3903ecc0170d82e398bb2d8b6affb5,Human,Sage,2020-01-25T00:05:23Z,Artificer 5,Artificer,Artillerist,5,War Caster,38,19,8,14,14,18,12,10,Neutral Good,Arcana|History|Investigation|Nature|Perception,"Quarterstaff|Dagger|Crossbow, light",Mending*0|Ray of Frost*0|Shield*1|Thunderwave*1|Cure Wounds*1|Detect Magic*1|Faerie Fire*1|Sanctuary*1|Scorching Ray*2|Shatter*2|Blur*2|Lesser Restoration*2,Int,,,,NG,,,Human,Mending*0|Ray of Frost*0|Shield*1|Thunderwave*1|Cure Wounds*1|Detect Magic*1|Faerie Fire*1|Sanctuary*1|Scorching Ray*2|Shatter*2|Blur*2|Lesser Restoration*2,"Quarterstaff|Dagger|Crossbow, Light",agitated_payne
3c8c7b6a3ceea8c92b4da01347774aba,High Elf,Sage,2022-07-02T00:25:08Z,Artificer 5,Artificer,Battle Smith,5,,38,16,10,12,14,18,13,12,,Arcana|History|Investigation|Medicine|Perception,"Dagger|Crossbow, Light",Heroism*1|Shield*1|Branding Smite*2|Warding Bond*2,Int,,,,,,,Elf,Heroism*1|Shield*1|Branding Smite*2|Warding Bond*2,"Dagger|Crossbow, Light",optimistic_kare
6c5a84247bcf97bcef197a5a0b29a550,Warforged,Criminal,2020-07-30T07:14:24Z,Artificer 5,Artificer,Battle Smith,5,,38,20,8,14,14,18,10,13,,Stealth|Arcana|History|Investigation|Persuasion,Whip,Guidance*0|Mending*0|Heroism*1|Shield*1|Absorb Elements*1|Alarm*1|Catapult*1|Cure Wounds*1|Detect Magic*1|Disguise Self*1|Expeditious Retreat*1|Faerie Fire*1|False Life*1|Feather Fall*1|Grease*1|Identify*1|Longstrider*1|Purify Food And Drink*1|Sanctuary*1|Snare*1|Branding Smite*2|Warding Bond*2,Int,,,,,,,Warforged,Guidance*0|Mending*0|Heroism*1|Shield*1|Absorb Elements*1|Alarm*1|Catapult*1|Cure Wounds*1|Detect Magic*1|Disguise Self*1|Expeditious Retreat*1|Faerie Fire*1|False Life*1|Feather Fall*1|Grease*1|Identify*1|Longstrider*1|Purify Food and Drink*1|Sanctuary*1|Snare*1|Branding Smite*2|Warding Bond*2,Whip,objective_mcnulty
320ff172d622eee587fed1ce48fa5bc8,Human,Outlander,2021-03-21T07:06:10Z,Artificer 5,Artificer,Artillerist,5,Fey Touched|Skill Expert,38,15,8,16,14,18,10,8,,Athletics|Acrobatics|Sleight of Hand|Arcana|Investigation|Survival,"Dagger|Dagger|Crossbow, light",Ray Of Frost*0|Fire Bolt*0|Shield*1|Thunderwave*1|Gift Of Alacrity*1|Scorching Ray*2|Shatter*2|Misty Step*2,Int,expertise/Investigation,United States,US,,,,Human,Ray of Frost*0|Fire Bolt*0|Shield*1|Thunderwave*1|*|Scorching Ray*2|Shatter*2|Misty Step*2,"Dagger|Dagger|Crossbow, Light",cocky_bose
6188e857d041240bf5f8ef69d2b582fd,Making,House Agent,2020-03-28T00:00:41Z,Artificer 5,Artificer,Battle Smith,5,,43,21,14,12,16,18,12,8,Neutral Good,Athletics|Stealth|Arcana|Investigation,Thunder Gauntlets|Lightning Launcher,Mending*0|Guidance*0|Firebolt*0|Booming Blade*0|Magic Missile*1|Shield*1|Identify*1|Tenser's Floating Disc*1|Feather Fall*1|Detect Magic*1|Expeditious Retreat*1|Cure Wounds*1|Absorb Elements*1|Mirror Image*2|Shatter*2|Continual Flame*2|Magic Weapon*2|Enlarge/Reduce*2|Blur*2,Int,,United States,US,NG,,,Human,Mending*0|Guidance*0|Fire Bolt*0|Booming Blade*0|Magic Missile*1|Shield*1|Identify*1|Tenser's Floating Disk*1|Feather Fall*1|Detect Magic*1|Expeditious Retreat*1|Cure Wounds*1|Absorb Elements*1|Mirror Image*2|Shatter*2|Continual Flame*2|Magic Weapon*2|Enlarge/Reduce*2|Blur*2,|,suspicious_noyce
c866eee40c7a7e686f2287012a1a93cd,Rock Gnome,House Agent,2022-02-04T18:23:03Z,Artificer 5,Artificer,Artillerist,5,,38,17,8,15,14,18,12,10,,Investigation|Nature|Perception|Persuasion,Dart|Dagger,Shield*1|Thunderwave*1|Scorching Ray*2|Shatter*2,Int,,Canada,CA,,,,Gnome,Shield*1|Thunderwave*1|Scorching Ray*2|Shatter*2,Dart|Dagger,reverent_albattani
0316293e28bc7ab95901a115ed8c9e16,Human,Soldier,2021-02-13T12:23:41Z,Artificer 5,Artificer,Artillerist,5,,38,12,4,11,15,30,13,14,,Athletics|Investigation|Perception|Intimidation,"Quarterstaff|Dagger|Crossbow, light",Shield*1|Thunderwave*1|Scorching Ray*2|Shatter*2,Int,,Canada,CA,,,,Human,Shield*1|Thunderwave*1|Scorching Ray*2|Shatter*2,"Quarterstaff|Dagger|Crossbow, Light",vibrant_villani
e1af77fdc9dc936cb9c23e348ec91550,Rock Gnome,Guild Artisan,2021-12-09T13:32:58Z,Artificer 5,Artificer,Armorer,5,Observant,38,20,10,8,14,18,14,12,CG,Arcana|Insight|Perception|Persuasion,,6 prepared spells*1,Int,,Canada,CA,CG,,,Gnome,*,,silly_easley
2d628c39ed16d7a917783e2604e522b9,Half-Elf,Charlatan,2020-08-28T17:18:47Z,Artificer 5,Artificer,Artillerist,5,,45,12,8,11,13,18,10,18,CN,Sleight of Hand|Arcana|Investigation|Deception|Performance|Persuasion,"Mace|Javelin|Crossbow, light",Dancing Lights*0|Fire Bolt*0|Shocking Grasp*0|Mage Hand*0|Disguise Self*1|Arcane Weapon*1|Identify*1|Shield Of Faith*1|Shield*1|Thunderwave*1|Lesser Restoration*2|Blur*2|Scorching Ray*2|Shatter*2,Int,,United States,US,CN,,,Half-Elf,Dancing Lights*0|Fire Bolt*0|Shocking Grasp*0|Mage Hand*0|Disguise Self*1|*|Identify*1|Shield of Faith*1|Shield*1|Thunderwave*1|Lesser Restoration*2|Blur*2|Scorching Ray*2|Shatter*2,"Mace|Javelin|Crossbow, Light",amazing_dirac
48ae53e95e9585677a473d967d04dc20,Human,Guild Artisan,2022-03-08T15:54:38Z,Artificer 5,Artificer,Artillerist,5,Sharpshooter,42,16,10,16,14,18,12,9,,Sleight of Hand|Insight|Perception|Persuasion,"Crossbow, light|Dagger|Pistol",Mending*0|Shocking Grasp*0|Fire Bolt*0|Shield*1|Thunderwave*1|Faerie Fire*1|Cure Wounds*1|Tasha's Caustic Brew*1|Identify*1|Absorb Elements*1|Scorching Ray*2|Shatter*2|Web*2|Enlarge/Reduce*2,Int,,Italy,IT,,,,Human,Mending*0|Shocking Grasp*0|Fire Bolt*0|Shield*1|Thunderwave*1|Faerie Fire*1|Cure Wounds*1|*|Identify*1|Absorb Elements*1|Scorching Ray*2|Shatter*2|Web*2|Enlarge/Reduce*2,"Crossbow, Light|Dagger|",adoring_jackson
65fcb7beec73ff5b559c78504b697551,Air Genasi,Folk Hero,2022-06-25T20:41:34Z,Artificer 5,Artificer,Artillerist,5,,34,15,9,16,12,15,12,13,,History|Animal Handling|Perception|Survival,"Crossbow, light|Dagger",Magic Stone*0|Featherfall*1|Catapult*1|Disguise Self*1|Cure Wounds*1|Heat Metal*2|Invisibility*2,Int,,,,,,,Genasi,Magic Stone*0|Feather Fall*1|Catapult*1|Disguise Self*1|Cure Wounds*1|Heat Metal*2|Invisibility*2,"Crossbow, Light|Dagger",zealous_lehmann
dda63b6abde5172bb12d8ab50342bc23,Warforged,Guild Artisan,2021-08-08T10:58:09Z,Artificer 5,Artificer,Artillerist,5,Gunner,53,16,11,12,16,17,13,8,,Arcana|History|Investigation|Insight|Persuasion,"Mace|Handaxe|Crossbow, light",Shield*1|Thunderwave*1|Scorching Ray*2|Shatter*2,Int,,,,,,,Warforged,Shield*1|Thunderwave*1|Scorching Ray*2|Shatter*2,"Mace|Handaxe|Crossbow, Light",confident_hoover
0b65bdc6d5162effff319d8d768e5e64,Warforged,Urchin,2021-01-06T01:53:55Z,Artificer 5,Artificer,Battle Smith,5,,33,14,12,12,13,17,11,12,,Sleight of Hand|Stealth|Arcana|Perception|Persuasion,"Light hammer|Handaxe|Crossbow, light",Heroism*1|Shield*1|Branding Smite*2|Warding Bond*2,Int,,,,,,,Warforged,Heroism*1|Shield*1|Branding Smite*2|Warding Bond*2,"Light hammer|Handaxe|Crossbow, Light",vibrant_nobel
9d8694b6adaebc26a94a0b35475316a9,Lizardfolk,Far Traveler,2022-05-03T14:11:57Z,Artificer 5,Artificer,Battle Smith,5,,38,11,11,13,14,16,13,11,,Arcana|Investigation|Insight|Perception|Survival,"Crossbow, Light|Light Hammer",Heroism*1|Shield*1|Branding Smite*2|Warding Bond*2,Int,,United States,US,,,,Lizardfolk,Heroism*1|Shield*1|Branding Smite*2|Warding Bond*2,"Crossbow, Light|Light hammer",competent_carson
d92dbe93a3de63ae0329c97672cb86da,Forest Gnome,Clan Crafter,2020-04-18T15:36:20Z,Artificer 5,Artificer,Battle Smith,5,,42,16,8,14,15,20,10,12,,Arcana|History|Investigation|Insight,"Handaxe|Crossbow, light|Crossbow, light",Heroism*1|Shield*1|Branding Smite*2|Warding Bond*2,Int,,Canada,CA,,,,Gnome,Heroism*1|Shield*1|Branding Smite*2|Warding Bond*2,"Handaxe|Crossbow, Light|Crossbow, Light",cool_wilson
ebc3ed1114418754352c9c6dc267004b,Wood Elf,Clan Crafter,2020-12-19T01:17:42Z,Artificer 5,Artificer,Battle Smith,5,,33,16,10,17,12,16,9,13,,Arcana|History|Investigation|Insight|Perception,"Light hammer|Quarterstaff|Crossbow, light",Heroism*1|Shield*1|Branding Smite*2|Warding Bond*2,Int,,Canada,CA,,,,Elf,Heroism*1|Shield*1|Branding Smite*2|Warding Bond*2,"Light hammer|Quarterstaff|Crossbow, Light",boring_hodgkin
ca815a0b8632318e4a54fbd96620afdc,Animal Hybrid,Clan Crafter,2021-07-02T15:45:00Z,Artificer 6,Artificer,Battle Smith,6,,51,17,19,14,16,18,12,8,,Athletics|Arcana|History|Investigation|Insight,Light hammer|Pistol*|Greatsword,Mending*0|Sword Burst*0|Heroism*1|Shield*1|Feather Fall*1|Cure Wounds*1|Absorb Elements*1|Tasha's Caustic Brew*1|Detect Magic*1|Branding Smite*2|Warding Bond*2|Lesser Restoration*2|Enhance Hability*2|Rope Trick*2,Int,animal enhancement/Nimble Climber,Brazil,BR,,,,Simic hybrid,Mending*0|Sword Burst*0|Heroism*1|Shield*1|Feather Fall*1|Cure Wounds*1|Absorb Elements*1|*|Detect Magic*1|Branding Smite*2|Warding Bond*2|Lesser Restoration*2|Enhance Ability*2|Rope Trick*2,Light hammer||Greatsword,admiring_joliot
0809f09440e7d9c5d2ea0ca7675ca5cf,Lizardfolk,Outlander,2020-04-30T14:55:38Z,Artificer 6,Artificer,Battle Smith,6,Keen Mind,45,19,10,14,14,16,14,8,N,Athletics|Investigation|Nature|Perception|Survival,"Dagger|Crossbow, light|Javelin Of Returning",Mending*0|Guidance*0|Heroism*1|Shield*1|Absorb Elements*1|Cure Wounds*1|Fairie Fire*1|Branding Smite*2|Warding Bond*2|See Invisibility*2|Lesser Restoration*2|Invisibility*2,Int,,United States,US,NN,,,Lizardfolk,Mending*0|Guidance*0|Heroism*1|Shield*1|Absorb Elements*1|Cure Wounds*1|Faerie Fire*1|Branding Smite*2|Warding Bond*2|See Invisibility*2|Lesser Restoration*2|Invisibility*2,"Dagger|Crossbow, Light|Javelin",tender_ishizaka
751a583f12543fcf526cb5e489f1f864,Half-Orc,Clan Crafter,2021-09-10T00:05:57Z,Artificer 6,Artificer,Artillerist,6,,45,14,16,10,14,16,12,10,,Arcana|History|Insight|Medicine|Intimidation,"Handaxe|Handaxe|Crossbow, light",Shield*1|Thunderwave*1|Scorching Ray*2|Shatter*2,Int,,Canada,CA,,,,Half-Orc,Shield*1|Thunderwave*1|Scorching Ray*2|Shatter*2,"Handaxe|Handaxe|Crossbow, Light",crazy_perlman
929c1b773aa19915b5902c95893934e3,Human,Guild Artisan,2021-02-26T21:42:25Z,Artificer 6,Artificer,Artillerist,6,War Caster,51,16,10,16,16,20,10,13,,Arcana|Insight|Medicine|Perception|Persuasion,"Dagger|Quarterstaff|Crossbow, light",Shield*1|Thunderwave*1|Scorching Ray*2|Shatter*2,Int,,United States,US,,,,Human,Shield*1|Thunderwave*1|Scorching Ray*2|Shatter*2,"Dagger|Quarterstaff|Crossbow, Light",confident_joliot
5241a984cc57fce367b2afd025dc3ac7,Forest Gnome,Shipwright,2021-07-30T18:56:02Z,Artificer 6,Artificer,Artillerist,6,Magic Initiate,42,16,8,14,11,17,14,11,,Arcana|History|Investigation|Nature|Perception,"Crossbow, light|Club|Dagger",Minor Illusion*0|Mending*0|Light*0|Mold Earth*0|Shape Water*0|Shield*1|Thunderwave*1|Detect Magic*1|Identify*1|Grease*1|Scorching Ray*2|Shatter*2|Heat Metal*2|Levitate*2|Spider Climb*2,Int,,,,,,,Gnome,Minor Illusion*0|Mending*0|Light*0|Mold Earth*0|Shape Water*0|Shield*1|Thunderwave*1|Detect Magic*1|Identify*1|Grease*1|Scorching Ray*2|Shatter*2|Heat Metal*2|Levitate*2|Spider Climb*2,"Crossbow, Light|Club|Dagger",lucid_feynman
e323bc963eb09d3f08bf85a10ebb0f71,Goblin,Far Traveler,2021-01-27T01:55:09Z,Artificer 6,Artificer,Alchemist,6,,42,12,10,10,14,16,15,12,,History|Insight|Medicine|Perception,"Crossbow, light",Healing Word*1|Ray of Sickness*1|Flaming Sphere*2|Acid Arrow*2,Int,,Canada,CA,,,,Goblin,Healing Word*1|Ray of Sickness*1|Flaming Sphere*2|Melf's Acid Arrow*2,"Crossbow, Light",wonderful_sanderson
47685f58f01eb49824ad8c37c962b8ff,Mountain Dwarf,Guild Member - Technology,2019-04-05T21:27:19Z,Artificer 6,Artificer,Gunsmith,6,,57,16,13,14,18,20,8,14,,Arcana|History|Investigation|Deception,"Handaxe|Crossbow, light",Mending*0|Identify (Ritual)*1|Detect Magic (Ritual)*1,Int,,United States,US,,,,Dwarf,Mending*0|Identify*1|Detect Magic*1,"Handaxe|Crossbow, Light",heuristic_engelbart
b15724ba862916deb96edd4dda728b6c,Eladrin,Guild Artisan,2018-05-18T01:35:19Z,Artificer 6,Artificer,Gunsmith,6,Linguist,47,16,9,17,12,17,10,10,,Sleight of Hand|Arcana|Investigation|Insight|Perception|Persuasion,"Handaxe|Crossbow, light|Thunder Cannon ",Mending*0|Identify (Ritual)*1|Detect Magic (Ritual)*1|Cure Wounds *1|Disguise self *1|Shield Of Faith *1|False life *1,Int,,,,,,,Eladrin,Mending*0|Identify*1|Detect Magic*1|Cure Wounds*1|Disguise Self*1|Shield of Faith*1|False Life*1,"Handaxe|Crossbow, Light|",loving_agnesi
0c36ad998b12f1dd2762ff11f84ee3b4,Hill Dwarf,Sailor,2021-04-28T19:53:35Z,Artificer 6,Artificer,Artillerist,6,,60,13,10,13,17,16,9,12,,Athletics|Sleight of Hand|Medicine|Perception,"Handaxe|Dagger|Crossbow, light",Shield*1|Thunderwave*1|Scorching Ray*2|Shatter*2,Int,,United States,US,,,,Dwarf,Shield*1|Thunderwave*1|Scorching Ray*2|Shatter*2,"Handaxe|Dagger|Crossbow, Light",ecstatic_shirley
3f6a897d667e20d3dab332289983d159,Human,Cloistered Scholar,2022-08-09T01:16:09Z,Artificer 6,Artificer,Armorer,6,Fey Touched|Skill Expert,55,16,8,16,14,18,10,8,,Stealth|Arcana|History|Investigation|Nature|Medicine,"Spear|Crossbow, light|Crossbow, light",Magic Missile*1|Thunderwave*1|Mirror Image*2|Shatter*2,Int,expertise/Nature,Poland,PL,,,,Human,Magic Missile*1|Thunderwave*1|Mirror Image*2|Shatter*2,"Spear|Crossbow, Light|Crossbow, Light",distracted_mirzakhani
6981e25097005bbcce502c0615b5f929,Goblin,Custom,2022-01-09T18:48:06Z,Artificer 7,Artificer,Battle Smith,7,Martial Adept,70,12,16,13,14,13,10,13,,Athletics|Investigation|Nature|Perception,Boom Hammer 1H|Boom Hammer 2H|BH Ignited 1H|BH Ignited 2H,Heroism*1|Shield*1|Branding Smite*2|Warding Bond*2,Int,combat superiority maneuvers/Riposte*Lunging Attack,United States,US,,,,Goblin,Heroism*1|Shield*1|Branding Smite*2|Warding Bond*2,|||,dreamy_moser
2a9525c74612d8ff928d375a3f4787d6,Human,Haunted One,2022-02-13T01:17:59Z,Artificer 7,Artificer,Battle Smith,7,Telekinetic|Magic Initiate,52,17,12,14,14,18,13,8,,Arcana|History|Investigation|Religion|Intimidation,Radiant Greatsword|Longbow|Greatsword,Mending mi*0|Message*0|Spare The Dying*0|Chill Touch mi*0|Heroism*1|Shield*1|Find Familiar mi*1|Identify*1|Detect Magic*1|Faerie Fire*1|Tasha's Caustic Brew*1|Feather Fall*1|Sanctuary*1|Misty Step ft*1|Hex ft*1|Cure Wounds*1|Absorb Elements*1|Jump*1|Branding Smite*2|Warding Bond*2|Kinetic Jaunt*2|Web*2|Lesser Restoration*2|Vortex Warp*2|Enhance Ability*2|Spider Climb*2|Invisibility*2|Heat Metal*2|Aid*2|Blur*2,Int,,United States,US,,,,Human,Mending*0|Message*0|Spare the Dying*0|Chill Touch*0|Heroism*1|Shield*1|Find Familiar*1|Identify*1|Detect Magic*1|Faerie Fire*1|*|Feather Fall*1|Sanctuary*1|*|Hex*1|Cure Wounds*1|Absorb Elements*1|Jump*1|Branding Smite*2|Warding Bond*2|*|Web*2|Lesser Restoration*2|*|Enhance Ability*2|Spider Climb*2|Invisibility*2|Heat Metal*2|Aid*2|Blur*2,Greatsword|Longbow|Greatsword,cranky_moore
6b55032bcdbe829bf60eb0c206e233b4,Gray Dwarf,Clan Crafter,2021-09-28T15:56:13Z,Artificer 7,Artificer,Battle Smith,7,Mobile,77,10,14,10,16,14,8,12,,History|Investigation|Insight|Perception,Club|Club,Heroism*1|Shield*1|Branding Smite*2|Warding Bond*2,Int,,United States,US,,,,Dwarf,Heroism*1|Shield*1|Branding Smite*2|Warding Bond*2,Club|Club,kind_jennings
2903a67e349fc0393c1f06eab52d6663,Lightfoot Halfling,Trapmaster/locksmith ,2020-02-29T21:03:23Z,Artificer 7,Artificer,Battle Smith,7,,52,14,14,14,14,16,10,9,CG,Arcana|Investigation|Insight|Persuasion,"+1Crossbow, hand RS|+1Shortsword Rw|+1Longtooth Dagger|+1Shortbow",Mending *0|Fire bolt: 2D10*0|Heroism*1|Shield*1|Absorb Elements *1|Cure Wounds *1|Detect Magic *1|Branding Smite*2|Warding Bond*2|Invisibility *2|Enhance Ability *2|Enlarge/Reduce *2,Int,,United States,US,CG,,,Halfling,Mending*0|Fire Bolt*0|Heroism*1|Shield*1|Absorb Elements*1|Cure Wounds*1|Detect Magic*1|Branding Smite*2|Warding Bond*2|Invisibility*2|Enhance Ability*2|Enlarge/Reduce*2,"Crossbow, hand|Shortsword|Dagger|Shortbow",jovial_bassi
1c4fe237b5646850f629e48dd1aede87,Lightfoot Halfling,Sage,2021-07-24T14:46:53Z,Artificer 7,Artificer,Artillerist,7,Squat Nimbleness,50,17,13,18,15,19,14,12,,Athletics|Sleight of Hand|Arcana|History|Investigation,"Dagger|Quarterstaff|Crossbow, light|Crossbow, hand",Firebolt*0|Mage Hand*0|Mold Earth*0|Shield*1|Thunderwave*1|Catapult*1|Absorb Elements *1|Expeditious Retreat*1|Arcane Weapon*1|Scorching Ray*2|Pyrotechnics *2|Shatter*2|Heat Metal*2,Int,,United States,US,,,,Halfling,Fire Bolt*0|Mage Hand*0|Mold Earth*0|Shield*1|Thunderwave*1|Catapult*1|Absorb Elements*1|Expeditious Retreat*1|*|Scorching Ray*2|Pyrotechnics*2|Shatter*2|Heat Metal*2,"Dagger|Quarterstaff|Crossbow, Light|Crossbow, hand",zen_leavitt
9164f8bb3f3713fa981d5311e8e6ce0e,Warforged,Clan Crafter,2022-06-23T13:54:34Z,Artificer 8,Artificer,Armorer,8,,76,18,10,14,18,18,12,10,lawful neutral,Arcana|History|Investigation|Insight|Perception,"Handaxe +1|Crossbow, light|Talon Spear +1",Mending*0|Sword Burst*0|Fire Bolt*0|Magic Missile*1|Thunderwave*1|Absorb Elements*1|Cure Wounds*1|Faerie Fire (Con)*1|Feather Fall*1|Sanctuary*1|Tasha's Caustic Brew (Con)*1|Detect Magic (Con/Rit)*1|Mirror Image*2|Shatter*2|Aid*2|Alter Self (Con)*2|Arcane Lock*2|Blur*2|Continual Flame*2|Darkvision*2|Enhance Ability*2|Heat Metal (Con)*2|Invisibility (Con)*2|Lesser Restoration*2|Levitate*2|See Invisibility*2,Int,,Canada,CA,LN,,,Warforged,Mending*0|Sword Burst*0|Fire Bolt*0|Magic Missile*1|Thunderwave*1|Absorb Elements*1|Cure Wounds*1|Faerie Fire*1|Feather Fall*1|Sanctuary*1|*|Detect Magic*1|Mirror Image*2|Shatter*2|Aid*2|Alter Self*2|Arcane Lock*2|Blur*2|Continual Flame*2|Darkvision*2|Enhance Ability*2|Heat Metal*2|Invisibility*2|Lesser Restoration*2|Levitate*2|See Invisibility*2,"Handaxe|Crossbow, Light|Spear",recursing_kalam
908523305104cf59311ad54f01460d56,Elephantine,Sage,2022-04-19T22:59:08Z,Artificer 8,Artificer,Armorer,8,Great Weapon Master,51,18,16,10,12,14,14,12,,Arcana|History|Investigation|Perception,"Greatclub|Light hammer|Crossbow, light",Magic Missile*1|Thunderwave*1|Mirror Image*2|Shatter*2,Int,,,,,,,Loxodon,Magic Missile*1|Thunderwave*1|Mirror Image*2|Shatter*2,"Greatclub|Light hammer|Crossbow, Light",romantic_rhodes
879070d0d0e7067f06163f325ebfd0a4,Half-Elf,Sage,2022-06-18T00:53:05Z,Artificer 8,Artificer,Battle Smith,8,,64,16,8,12,15,20,13,10,,Stealth|Arcana|History|Investigation|Perception|Deception,"Handaxe|Crossbow, Light|Dagger",Identify*0|Detect Magic*0|Heroism*1|Shield*1|Branding Smite*2|Warding Bond*2,Int,,,,,,,Half-Elf,*|*|Heroism*1|Shield*1|Branding Smite*2|Warding Bond*2,"Handaxe|Crossbow, Light|Dagger",practical_bohr
fadd8f1f58f8da47348d14bd9b992e87,Lineage - Baal,Smuggler,2021-06-18T16:35:10Z,Artificer 8,Artificer,Alchemist,8,Infernal Constitution|Keen Mind,65,10,8,10,19,16,12,15,,Athletics|Medicine|Perception|Deception,"Dagger|Crossbow, Light",Healing Word*1|Ray of Sickness*1|Flaming Sphere*2|Acid Arrow*2,Int,,United States,US,,,,Tiefling,Healing Word*1|Ray of Sickness*1|Flaming Sphere*2|Melf's Acid Arrow*2,"Dagger|Crossbow, Light",gifted_snyder
8fe3704c122a0a5a942d685cd38749b1,Mountain Dwarf,Folk Hero,2020-07-23T00:15:46Z,Artificer 8,Artificer,Artillerist,8,,59,13,16,12,15,18,10,9,chaotic good,Investigation|Nature|Animal Handling|Survival,"Quarterstaff|Mace|Crossbow, light",Shield*1|Thunderwave*1|Scorching Ray*2|Shatter*2,Int,,Canada,CA,CG,,,Dwarf,Shield*1|Thunderwave*1|Scorching Ray*2|Shatter*2,"Quarterstaff|Mace|Crossbow, Light",nostalgic_davinci
cb01b66588933577cc47b5511345d419,Human,Custom,2020-05-23T10:13:00Z,Artificer 8,Artificer,Battle Smith,8,Healer|Medium Armor Master,51,21,12,16,12,20,12,12,,Athletics|Acrobatics|Stealth|Arcana|Investigation,Handaxe|Light Hammer|Repeater Xbow,Heroism*1|Shield*1|Branding Smite*2|Warding Bond*2,Int,,,,,,,Human,Heroism*1|Shield*1|Branding Smite*2|Warding Bond*2,Handaxe|Light hammer|,sad_stonebraker
a1e85581c3d5c06ed7d5cc8d8ed967ef,Human,Sage,2020-02-14T04:02:05Z,Artificer 8,Artificer,Alchemist,8,Prodigy,56,13,10,12,14,20,13,10,neutral good,Arcana|History|Investigation|Nature|Medicine|Perception,"Dagger|Crossbow, light",Healing Word*1|Ray of Sickness*1|Flaming Sphere*2|Acid Arrow*2,Int,expertise/Investigation,,,NG,,,Human,Healing Word*1|Ray of Sickness*1|Flaming Sphere*2|Melf's Acid Arrow*2,"Dagger|Crossbow, Light",laughing_galileo
3cb0343dc3fe0ac0e2a751b8bac614e1,Half-Orc,Clan Crafter,2021-04-28T15:01:43Z,Artificer 8,Artificer,Artillerist,8,Spell Sniper,59,14,16,10,14,16,12,10,,Arcana|History|Insight|Medicine|Intimidation,"Handaxe|Handaxe|Crossbow, light",Shield*1|Thunderwave*1|Scorching Ray*2|Shatter*2,Int,,Canada,CA,,,,Half-Orc,Shield*1|Thunderwave*1|Scorching Ray*2|Shatter*2,"Handaxe|Handaxe|Crossbow, Light",trusting_ellis
e7c133260923f5b5b91a9207b84eaae0,Half-Elf,Sage,2021-05-07T21:13:21Z,Artificer 8,Artificer,Artillerist,8,Linguist|Observant,59,15,10,16,15,20,12,10,Neutral Good,Arcana|History|Investigation|Nature,Mace|Javelin|Pistol,Firebolt*0|Message*0|Mage Hand*0|Spare The Dying*0|Ray Of Frost*0|Thorn Whip*0|Faerie Fire*1|Feather Fall*1|Alarm (ritual)*1|False Life*1|Disguise Self*1|Shield*1|Thunderwave*1|Identify (ritual)*1|Cure Wounds*1|Scorching Ray*2|Shatter*2| Invisibility*2|Lesser Restoration*2|Alter Self*2|Enlarge/reduce*2,Int,,Canada,CA,NG,,,Half-Elf,Fire Bolt*0|Message*0|Mage Hand*0|Spare the Dying*0|Ray of Frost*0|Thorn Whip*0|Faerie Fire*1|Feather Fall*1|Alarm*1|False Life*1|Disguise Self*1|Shield*1|Thunderwave*1|Identify*1|Cure Wounds*1|Scorching Ray*2|Shatter*2|Invisibility*2|Lesser Restoration*2|Alter Self*2|Enlarge/Reduce*2,Mace|Javelin|,objective_chaum
9f019c1f8d61c41b72ace796d71145d8,Rock Gnome,Cloistered Scholar,2020-01-05T04:14:34Z,Artificer 8,Artificer,Artillerist,8,,65,12,10,14,14,20,10,12,,Sleight of Hand|Arcana|History|Investigation,"Light Hammer|Crossbow, Light",Shield*1|Thunderwave*1|Scorching Ray*2|Shatter*2,Int,,United States,US,,,,Gnome,Shield*1|Thunderwave*1|Scorching Ray*2|Shatter*2,"Light hammer|Crossbow, Light",gallant_murdock
be1bce7aa23d8357949236ef8ed2237f,Half-Elf,Entertainer,2022-07-24T02:49:01Z,Artificer 8,Artificer,Alchemist,8,Spell Sniper|War Caster,67,15,10,17,16,19,10,17,,Acrobatics|Sleight of Hand|Arcana|Investigation|Performance,"Light hammer|Mace|Crossbow, light",Healing Word*1|Ray of Sickness*1|Flaming Sphere*2|Acid Arrow*2,Int,,Canada,CA,,,,Half-Elf,Healing Word*1|Ray of Sickness*1|Flaming Sphere*2|Melf's Acid Arrow*2,"Light hammer|Mace|Crossbow, Light",kind_mirzakhani
e3b95777b43bc40e3cea1a02aa450427,Warforged,Cloistered Scholar,2022-02-17T19:37:58Z,Artificer 9,Artificer,Battle Smith,9,Keen Mind|War Caster,101,16,12,16,18,20,12,8,,Sleight of Hand|Arcana|History|Investigation|Insight,Platinum Quarterstaff|Dagger|Rusty Warhammer,Heroism*1|Shield*1|Branding Smite*2|Warding Bond*2|Aura of Vitality*3|Conjure Barrage*3,Int,,United States,US,,,,Warforged,Heroism*1|Shield*1|Branding Smite*2|Warding Bond*2|Aura Of Vitality*3|Conjure Barrage*3,Quarterstaff|Dagger|Warhammer,optimistic_minsky
26926b36d392aca86494ad426df614ac,Human,Sage,2020-11-07T00:09:00Z,Artificer 9,Artificer,Artillerist,9,War Caster,66,20,8,14,14,20,12,10,,Sleight of Hand|Arcana|History|Investigation|Perception,"Dagger|Quarterstaff|Crossbow, light|Ray Of Frost",Mending*0|Ray Of Frost*0|Shield*1|Thunderwave*1|Cure Wounds*1|Detect Magic*1|Faerie Fire*1|Sanctuary*1|Scorching Ray*2|Shatter*2|Blur*2|Restoration*2|Fireball*3|Wind Wall*3,Int,,,,,,,Human,Mending*0|Ray of Frost*0|Shield*1|Thunderwave*1|Cure Wounds*1|Detect Magic*1|Faerie Fire*1|Sanctuary*1|Scorching Ray*2|Shatter*2|Blur*2|*|Fireball*3|Wind Wall*3,"Dagger|Quarterstaff|Crossbow, Light|",romantic_volhard
92dca18bc7fbc069eb4b45d488e5a20c,Tiefling,Soldier,2020-09-02T04:18:27Z,Artificer 9,Artificer,Artillerist,9,,35,16,16,17,9,15,8,13,,Athletics|Nature|Perception|Intimidation,"Javelin|Dagger|Crossbow, light",Shield*1|Thunderwave*1|Scorching Ray*2|Shatter*2|Fireball*3|Wind Wall*3,Int,,,,,,,Tiefling,Shield*1|Thunderwave*1|Scorching Ray*2|Shatter*2|Fireball*3|Wind Wall*3,"Javelin|Dagger|Crossbow, Light",youthful_jackson
1d0f9ec7b0d007f4119042ea2b2e4663,Mountain Dwarf,Clan Crafter,2021-05-07T16:19:10Z,Artificer 10,Artificer,Artillerist,10,,73,16,10,15,15,18,12,10,,Arcana|History|Insight|Perception,"Crossbow, light|Handaxe|Crossbow, light",Shield*1|Thunderwave*1|Scorching Ray*2|Shatter*2|Fireball*3|Wind Wall*3,Int,,Germany,DE,,,,Dwarf,Shield*1|Thunderwave*1|Scorching Ray*2|Shatter*2|Fireball*3|Wind Wall*3,"Crossbow, Light|Handaxe|Crossbow, Light",dazzling_almeida
12ae680d70a3a02163d320a18198d299,Rock Gnome,â€œMasterâ€â€™s Apprentice,2020-01-04T14:57:08Z,Artificer 10,Artificer,Artillerist,10,,73,17,6,12,15,19,11,11,N,Arcana|Perception,Dagger|Dagger,Firebolt*0|Mending*0|Shield*1|Thunderwave*1|Scorching Ray*2|Shatter*2|Fireball*3|Wind Wall*3,Int,,United States,US,NN,,,Gnome,Fire Bolt*0|Mending*0|Shield*1|Thunderwave*1|Scorching Ray*2|Shatter*2|Fireball*3|Wind Wall*3,Dagger|Dagger,eloquent_rhodes
31424e1631f01f2f3ce954f2ef0a2ec1,Fire Genasi,Clan Crafter,2021-07-16T00:07:06Z,Artificer 10,Artificer,Artillerist,10,,117,20,17,14,20,20,10,10,Neutral Good,Arcana|History|Investigation|Insight,Handaxe,Acid Splash*0|Ray Of Frost*0|Fire Bolt*0|Produce Flame (Genasi)*0|Shield (Artillerist)*1|Thunderwave (Artillerist)*1|Burning Hands (1 Per Day)*1|Faerie Fire*1|False Life*1|Cure Wounds*1|Detect Magic*1|Scorching Ray (Artillerist)*2|Shatter (Artillerist)*2|Heat Metal*2|Lesser Restoration*2|Enhance Ability*2|Fireball (Artillerist)*3|Wind Wall (Artillerist)*3|Dispel Magic*3|Protection From Energy*3|Haste*3,Int,,Canada,CA,NG,,,Genasi,Acid Splash*0|Ray of Frost*0|Fire Bolt*0|Produce Flame*0|Shield*1|Thunderwave*1|Burning Hands*1|Faerie Fire*1|False Life*1|Cure Wounds*1|Detect Magic*1|Scorching Ray*2|*|Heat Metal*2|Lesser Restoration*2|Enhance Ability*2|Fireball*3|Wind Wall*3|Dispel Magic*3|Protection from Energy*3|Haste*3,Handaxe,zealous_cohen
263e1e5c5b0cc9970827f6b70287af49,Warforged,Inheritor,2020-09-16T19:41:30Z,Artificer 11,Artificer,Battle Smith,11,Great Weapon Master,121,21,9,14,16,20,13,8,Neutral,Arcana|History|Investigation|Perception|Survival,"Crossbow, light|Greatsword|Dagger|Battleaxe",Heroism*1|Shield*1|Branding Smite*2|Warding Bond*2|Aura of Vitality*3|Conjure Barrage*3,Int,,Canada,CA,NN,,,Warforged,Heroism*1|Shield*1|Branding Smite*2|Warding Bond*2|Aura Of Vitality*3|Conjure Barrage*3,"Crossbow, Light|Greatsword|Dagger|Battleaxe",hungry_lamport
ef50c6fa850c0fd1aaf0097f55d21ad3,Ghastly Halfling,Charlatan,2022-07-06T00:26:48Z,Artificer 12,Artificer,Battle Smith,12,Sharpshooter|Skilled|Lucky,91,18,8,16,14,18,10,10,Good,Sleight of Hand|Investigation|Nature|Deception,"Spear|Dagger|Crossbow, light|Musket (Web Shot)|Lance|Scimitar Of Speed",Mending*0|Guidance*0|Light*0|Heroism*1|Shield*1|Feather Fall*1|Cure Wounds*1|Catapult*1|Alarm*1|Disguise Self*1|Detect Magic*1|Expeditious Retreat*1|Fairie Fire*1|False Life*1|Grease*1|Identify*1|Jump*1|Longstrider*1|Purify Food And Water*1|Sanctuary*1|Snare*1|Tasha's Caustic Brew*1|Absorb Elements*1|Branding Smite*2|Blur*2|Levitate*2|Alter Self*2|Rope Trick*2|Warding Bond*2|Vortex Warp*2|Aid*2|Arcane Lock*2|Continual Flame*2|Darkvision*2|Enhance Ability*2|Enlarge/Reduce*2|Heat Metal*2|Invisibility*2|Kinetic Jaunt*2|Lesser Restoration*2|Magic Mouth*2|Magic Weapon*2|Protection From Poison*2|Pyrotechnics*2|See Invisibility*2|Skywrite*2|Spider Climb*2|Web*2|Aura of Vitality*3|Conjure Barrage*3|Haste*3|Blink*3|Fly*3|Water Breathing *3|Dispel Magic*3|Intellect Fortress*3|Glyph of Warding *3|Water Walk*3|Tiny Servant*3|Revivify*3|Protection From Energy*3|Flame Arrows*3|Elemental Weapon*3|Create Food And Water*3|Catnap*3|Ashardalon's Stride*3,Int,,,,NG,,,Halfling,Mending*0|Guidance*0|Light*0|Heroism*1|Shield*1|Feather Fall*1|Cure Wounds*1|Catapult*1|Alarm*1|Disguise Self*1|Detect Magic*1|Expeditious Retreat*1|Faerie Fire*1|False Life*1|Grease*1|Identify*1|Jump*1|Longstrider*1|Purify Food and Drink*1|Sanctuary*1|Snare*1|*|Absorb Elements*1|Branding Smite*2|Blur*2|Levitate*2|Alter Self*2|Rope Trick*2|Warding Bond*2|*|Aid*2|Arcane Lock*2|Continual Flame*2|Darkvision*2|Enhance Ability*2|Enlarge/Reduce*2|Heat Metal*2|Invisibility*2|*|Lesser Restoration*2|Magic Mouth*2|Magic Weapon*2|Protection from Poison*2|Pyrotechnics*2|See Invisibility*2|Skywrite*2|Spider Climb*2|Web*2|Aura Of Vitality*3|Conjure Barrage*3|Haste*3|Blink*3|Fly*3|Water Breathing*3|Dispel Magic*3|*|Glyph of Warding*3|Water Walk*3|Tiny Servant*3|Revivify*3|Protection from Energy*3|Flame Arrows*3|Elemental Weapon*3|Create Food and Water*3|Catnap*3|*,"Spear|Dagger|Crossbow, Light||Lance|Scimitar",quirky_visvesvaraya
e8d2dc5ec1eae02f1032bc8ed28637b8,Rock Gnome,Criminal,2021-06-06T22:03:13Z,Artificer 12,Artificer,Armorer,12,Telekinetic|Shadow Touched,99,16,8,14,16,20,10,10,,Stealth|Arcana|Investigation|Deception,Dagger|Sling|Gauntlets|Launcher,Magic Missile*1|Thunderwave*1|Mirror Image*2|Shatter*2|Hypnotic Pattern*3|Lightning Bolt*3|*NA|Catapult*1|Cure Wounds*1|Detect Magic*1|Disguise Self*1|Expeditious Retreat*1|Faerie Fire*1|False Life*1|Feather Fall*1|Grease*1|Identify*1|Longstrider*1|Purify Food And Drink*1|Sanctuary*1|Snare*1|Jump*1|Tasha's Caustic Brew*1|Branding Smite*2|Warding Bond*2|Aid*2|Alter Self*2|Arcane Lock*2|Blur*2|Continual Flame*2|Darkvision*2|Enhance Ability*2|Enlarge/reduce*2|Heat Metal*2|Invisibility*2|Lesser Restoration*2|Levitate*2|Magic Mouth*2|Magic Weapon*2|Protection From Poison*2|Pyrotechnics*2|Rope Trick*2|See Invisibility*2|Skywrite*2|Spider Climb*2|Web*2|Detect Thoughts*2|Aura of Vitality*3|Conjure Barrage*3|Blink*3|Catnap*3|Create Food And Water*3|Dispel Magic*3|Elemental Weapon*3|Flame Arrows*3|Fly*3|Glyph Of Warding*3|Haste*3|Intellect Fortress*3|Protection From Energy*3|Revivify*3|Tiny Servant*3|Water Breathing*3|Water Walk*3,Int,,Canada,CA,,,,Gnome,Magic Missile*1|Thunderwave*1|Mirror Image*2|Shatter*2|Hypnotic Pattern*3|Lightning Bolt*3|.*99|Catapult*1|Cure Wounds*1|Detect Magic*1|Disguise Self*1|Expeditious Retreat*1|Faerie Fire*1|False Life*1|Feather Fall*1|Grease*1|Identify*1|Longstrider*1|Purify Food and Drink*1|Sanctuary*1|Snare*1|Jump*1|*|Branding Smite*2|Warding Bond*2|Aid*2|Alter Self*2|Arcane Lock*2|Blur*2|Continual Flame*2|Darkvision*2|Enhance Ability*2|Enlarge/Reduce*2|Heat Metal*2|Invisibility*2|Lesser Restoration*2|Levitate*2|Magic Mouth*2|Magic Weapon*2|Protection from Poison*2|Pyrotechnics*2|Rope Trick*2|See Invisibility*2|Skywrite*2|Spider Climb*2|Web*2|Detect Thoughts*2|Aura Of Vitality*3|Conjure Barrage*3|Blink*3|Catnap*3|Create Food and Water*3|Dispel Magic*3|Elemental Weapon*3|Flame Arrows*3|Fly*3|Glyph of Warding*3|Haste*3|*|Protection from Energy*3|Revivify*3|Tiny Servant*3|Water Breathing*3|Water Walk*3,Dagger|Sling||,cool_wozniak
304cb496b764bb4a38c3ca750b918269,Warforged,Custom,2022-07-31T18:54:17Z,Artificer 13,Artificer,Battle Smith,13,Telepathic|Crossbow Expert,94,20,8,14,14,20,10,12,,Stealth|Arcana|History|Investigation|Persuasion,"Badass Whip|Javelin|Badass Crossbow|Crossbow, hand (infused) |Antimatter Rifle",Mending*0|Guidance*0|Mage Hand*0|Any*0|Heroism*1|Shield*1|Absorb Elements*1|Alarm*1|Catapult*1|Cure Wounds*1|Detect Magic*1|Disguise Self*1|Expeditious Retreat*1|Faerie Fire*1|False Life*1|Feather Fall*1|Grease*1|Indentify*1|Jump*1|Longstrider*1|Purify Food And Drink*1|Sanctuary*1|Snare*1|Tasha's Caustic Brew*1|Branding Smite*2|Warding Bond*2|Aid*2|Alter Self*2|Arcane Lock*2|Blur*2|Continual Flame*2|Darkvision*2|Enhance Ability*2|Enlarge/reduce*2|Heat Metal*2|Invisibility*2|Lesser Restoration*2|Levitate*2|Magic Mouth*2|Magic Weapon*2|Protection From Poison*2|Pyrotechnics*2|Rope Trick*2|See Invisibility*2|Skywrite*2|Spider Climb*2|Web*2|Kinetic Jaunt*2|Aura of Vitality*3|Conjure Barrage*3|Blink*3|Catnap*3|Create Food And Water*3|Dispel Magic*3|Elemental Weapon*3|Flame Arrows*3|Fly*3|Glyph Of Warding*3|Haste*3|Intellect Fortress*3|Protection From Energy*3|Revivify*3|Tiny Servant*3|Water Breathing*3|Water Walk*3|Ashardalon's Stride*3|Aura of Purity*4|Fire Shield*4|Arcane Eye*4|Elemental Bane*4|Fabricate*4|Freedom Of Movement*4|Leomund's Secret Chest*4|Mordenkainen's Faithful Hound*4|Mordenkainen's Private Sanctum*4|Otiluke's Resilient Sphere*4|Stone Shape*4|Stoneskin*4|Summon Construct*4,Int,,Canada,CA,,,,Warforged,Mending*0|Guidance*0|Mage Hand*0|*|Heroism*1|Shield*1|Absorb Elements*1|Alarm*1|Catapult*1|Cure Wounds*1|Detect Magic*1|Disguise Self*1|Expeditious Retreat*1|Faerie Fire*1|False Life*1|Feather Fall*1|Grease*1|Identify*1|Jump*1|Longstrider*1|Purify Food and Drink*1|Sanctuary*1|Snare*1|*|Branding Smite*2|Warding Bond*2|Aid*2|Alter Self*2|Arcane Lock*2|Blur*2|Continual Flame*2|Darkvision*2|Enhance Ability*2|Enlarge/Reduce*2|Heat Metal*2|Invisibility*2|Lesser Restoration*2|Levitate*2|Magic Mouth*2|Magic Weapon*2|Protection from Poison*2|Pyrotechnics*2|Rope Trick*2|See Invisibility*2|Skywrite*2|Spider Climb*2|Web*2|*|Aura Of Vitality*3|Conjure Barrage*3|Blink*3|Catnap*3|Create Food and Water*3|Dispel Magic*3|Elemental Weapon*3|Flame Arrows*3|Fly*3|Glyph of Warding*3|Haste*3|*|Protection from Energy*3|Revivify*3|Tiny Servant*3|Water Breathing*3|Water Walk*3|*|Aura of Purity*4|Fire Shield*4|Arcane Eye*4|Elemental Bane*4|Fabricate*4|Freedom of Movement*4|Leomund's Secret Chest*4|Mordenkainen's Faithful Hound*4|Mordenkainen's Private Sanctum*4|Otiluke's Resilient Sphere*4|Stone Shape*4|Stoneskin*4|*,"Whip|Javelin||Crossbow, hand|",reverent_jackson
fb22cac592925349c663d233f728404f,Forest Gnome,Cloistered Scholar,2021-04-13T21:53:58Z,Artificer 13,Artificer,Battle Smith,13,Lucky,102,12,8,11,14,20,12,14,,Arcana|History|Investigation|Perception,"Crossbow, light|Light hammer|Crossbow, light",Mending*0|Heroism*1|Shield*1|Branding Smite*2|Warding Bond*2|Aura of Vitality*3|Conjure Barrage*3|Aura of Purity*4|Fire Shield*4,Int,,Canada,CA,,,,Gnome,Mending*0|Heroism*1|Shield*1|Branding Smite*2|Warding Bond*2|Aura Of Vitality*3|Conjure Barrage*3|Aura of Purity*4|Fire Shield*4,"Crossbow, Light|Light hammer|Crossbow, Light",inspiring_heisenberg
dc8d5a21d1a0c75ba9d872b18fc9186a,Kenku,Far Traveler,2020-10-22T11:35:27Z,Artificer 13,Artificer,Alchemist,13,,81,15,12,17,13,18,10,10,,Sleight of Hand|Stealth|Arcana|Investigation|Insight|Perception,"Quarterstaff|Sling|Crossbow, light",Healing Word*1|Ray of Sickness*1|Flaming Sphere*2|Acid Arrow*2|Gaseous Form*3|Mass Healing Word*3|Blight*4|Death Ward*4,Int,,Canada,CA,,,,Kenku,Healing Word*1|Ray of Sickness*1|Flaming Sphere*2|Melf's Acid Arrow*2|Gaseous Form*3|Mass Healing Word*3|Blight*4|Death Ward*4,"Quarterstaff|Sling|Crossbow, Light",lucid_sutherland
b3643c72c732d8bd05d578268417fec2,Warforged,Criminal,2021-08-20T11:17:08Z,Artificer 14,Artificer,Battle Smith,14,Healer,101,22,8,14,14,20,10,12,,Stealth|Arcana|History|Investigation|Persuasion,Badass Whip|Halberd Infused|Dagger +1|Alter Self|Longbow +1|Javelin,Guidance*0|Mending*0|Fire bolt*0|Mage Hand*0|Heroism*1|Shield*1|Absorb Elements*1|Alarm*1|Catapult*1|Cure Wounds*1|Detect Magic*1|Disguise Self*1|Expeditious Retreat*1|Faerie Fire*1|False Life*1|Feather Fall*1|Grease*1|Identify*1|Longstrider*1|Purify Food And Drink*1|Sanctuary*1|Snare*1|Jump*1|Tasha's Caustic Brew*1|Branding Smite*2|Warding Bond*2|Aid*2|Alter Self*2|Arcane Lock*2|Blur*2|Continual Flame*2|Darkvision*2|Enhance Ability*2|Enlarge/reduce*2|Heat Metal*2|Invisibility*2|Lesser Restoration*2|Levitate*2|Magic Mouth*2|Magic Weapon*2|Protection From Poison*2|Pyrotechnics*2|Rope Trick*2|See Invisibility*2|Skywrite*2|Spider Climb*2|Web*2|Detect Thoughts*2|Aura of Vitality*3|Conjure Barrage*3|Blink*3|Catnap*3|Create Food And Water*3|Dispel Magic*3|Elemental Weapon*3|Flame Arrows*3|Fly*3|Glyph Of Warding*3|Haste*3|Intellect Fortress*3|Protection From Energy*3|Revivify*3|Tiny Servant*3|Water Breathing*3|Water Walk*3|Aura of Purity*4|Fire Shield*4|Arcane Eye*4|Elemental Bane*4|Fabricate*4|Freedom Of Movement*4|Leomund's Secret Chest*4|Mordenkainen's Faithful Hound*4|Mordenkainen's Private Sanctum*4|Otiluke's Resilient Sphere*4|Stone Shape*4|Stoneskin*4|Summon Construct*4,Int,,Canada,CA,,,,Warforged,Guidance*0|Mending*0|Fire Bolt*0|Mage Hand*0|Heroism*1|Shield*1|Absorb Elements*1|Alarm*1|Catapult*1|Cure Wounds*1|Detect Magic*1|Disguise Self*1|Expeditious Retreat*1|Faerie Fire*1|False Life*1|Feather Fall*1|Grease*1|Identify*1|Longstrider*1|Purify Food and Drink*1|Sanctuary*1|Snare*1|Jump*1|*|Branding Smite*2|Warding Bond*2|Aid*2|Alter Self*2|Arcane Lock*2|Blur*2|Continual Flame*2|Darkvision*2|Enhance Ability*2|Enlarge/Reduce*2|Heat Metal*2|Invisibility*2|Lesser Restoration*2|Levitate*2|Magic Mouth*2|Magic Weapon*2|Protection from Poison*2|Pyrotechnics*2|Rope Trick*2|See Invisibility*2|Skywrite*2|Spider Climb*2|Web*2|Detect Thoughts*2|Aura Of Vitality*3|Conjure Barrage*3|Blink*3|Catnap*3|Create Food and Water*3|Dispel Magic*3|Elemental Weapon*3|Flame Arrows*3|Fly*3|Glyph of Warding*3|Haste*3|*|Protection from Energy*3|Revivify*3|Tiny Servant*3|Water Breathing*3|Water Walk*3|Aura of Purity*4|Fire Shield*4|Arcane Eye*4|Elemental Bane*4|Fabricate*4|Freedom of Movement*4|Leomund's Secret Chest*4|Mordenkainen's Faithful Hound*4|Mordenkainen's Private Sanctum*4|Otiluke's Resilient Sphere*4|Stone Shape*4|Stoneskin*4|*,Whip|Halberd|Dagger||Longbow|Javelin,angry_maxwell
54a750d44bfa63b4403bbdfb2fadd26c,Goblin,Guild Artisan,2020-02-28T02:15:11Z,Artificer 15,Artificer,Battle Smith,15,,144,15,8,12,16,19,12,14,,Arcana|Insight|Perception|Persuasion,"Dagger|Light hammer|Crossbow, light",Heroism*1|Shield*1|Branding Smite*2|Warding Bond*2|Aura of Vitality*3|Conjure Barrage*3|Aura of Purity*4|Fire Shield*4,Int,,United States,US,,,,Goblin,Heroism*1|Shield*1|Branding Smite*2|Warding Bond*2|Aura Of Vitality*3|Conjure Barrage*3|Aura of Purity*4|Fire Shield*4,"Dagger|Light hammer|Crossbow, Light",gifted_ptolemy
da4872e0a956e65c8ccb9210c6af13a6,Human,Cloistered Scholar,2020-03-27T02:07:29Z,Artificer 15,Artificer,Alchemist,15,Keen Mind|Observant|Prodigy,63,12,8,8,8,20,16,15,,Arcana|History|Investigation|Nature|Medicine|Perception,"Crossbow, light",Healing Word*1|Ray of Sickness*1|Flaming Sphere*2|Acid Arrow*2|Gaseous Form*3|Mass Healing Word*3|Blight*4|Death Ward*4,Int,expertise/Arcana,United States,US,,,,Human,Healing Word*1|Ray of Sickness*1|Flaming Sphere*2|Melf's Acid Arrow*2|Gaseous Form*3|Mass Healing Word*3|Blight*4|Death Ward*4,"Crossbow, Light",dreamy_roentgen
1605d85df07128e0e421e4bfcc3a2140,Goblin,Hermit,2020-02-28T02:17:50Z,Artificer 15,Artificer,Artillerist,15,,138,14,6,14,16,18,9,9,,Sleight of Hand|Arcana|Religion|Medicine,"Handaxe|Mace|Crossbow, light",Shield*1|Thunderwave*1|Scorching Ray*2|Shatter*2|Fireball*3|Wind Wall*3|Ice Storm*4|Wall of Fire*4,Int,,United States,US,,,,Goblin,Shield*1|Thunderwave*1|Scorching Ray*2|Shatter*2|Fireball*3|Wind Wall*3|Ice Storm*4|Wall of Fire*4,"Handaxe|Mace|Crossbow, Light",adoring_hopper
93cfcf4b8e30f5373a936c4056a8cdd4,Kobold,Guild Artisan,2020-07-10T04:44:23Z,Artificer 16,Artificer,Battle Smith,16,Tough,147,16,6,18,14,18,12,10,,Arcana|Investigation|Insight|Persuasion,"Light hammer|Sickle|Crossbow, light",Heroism*1|Shield*1|Branding Smite*2|Warding Bond*2|Aura of Vitality*3|Conjure Barrage*3|Aura of Purity*4|Fire Shield*4,Int,,,,,,,Kobold,Heroism*1|Shield*1|Branding Smite*2|Warding Bond*2|Aura Of Vitality*3|Conjure Barrage*3|Aura of Purity*4|Fire Shield*4,"Light hammer|Sickle|Crossbow, Light",angry_hypatia
30e37b8107b9476f5c05868b54594d27,Grove Cervan,Guild Artisan,2022-03-11T20:00:23Z,Artificer 18,Artificer,Artillerist,18,woodwise|Sharpshooter|Alert|Gunner,137,27,19,17,14,20,14,12,,Arcana|Investigation|Nature|Insight|Medicine|Perception|Survival|Persuasion,Cleaver|Revolver|Masterwork Gladius|Chameleon Longsword|Robe of the Stars|Flavour Town's Condemnation|Shotgun|BIRTHDAY GLOCK,Fire Bolt*0|Message*0|Prestidigitation*0|Mending*0|Detect Magic*1|Identify*1|Shield*1|Thunderwave*1|Cure Wounds*1|Catapult*1|Disguise Self*1|Jump*1|Scorching Ray*2|Shatter*2|Invisibility*2|Spider Climb*2|Blur*2|3rd Level...*2|3 Per Day*2|Fireball*3|Fly*3|Blink*3|Catnap*3|Revivify*3|Wall Of Fire*3|Enlarge/reduce*3|Mireball*3|STONE SHAPE 4*3|CONE OF COLD 5*3|Ice Storm*4|Wall of Fire*4|Cone of Cold*5|Wall of Force*5,Int,skill choice/nature*survival,Canada,CA,,,,,Fire Bolt*0|Message*0|Prestidigitation*0|Mending*0|Detect Magic*1|Identify*1|Shield*1|Thunderwave*1|Cure Wounds*1|Catapult*1|Disguise Self*1|Jump*1|Scorching Ray*2|Shatter*2|Invisibility*2|Spider Climb*2|Blur*2|*|*|Fireball*3|Fly*3|Blink*3|Catnap*3|Revivify*3|*|*|Fireball*3|*|*|Ice Storm*4|Wall of Fire*4|Cone of Cold*5|Wall of Force*5,|||Longsword||||,boring_kepler
114a43fc3c9f81519b50a84bf2a88334,Variant,Clan Crafter,2019-03-21T16:54:51Z,Artificer 18,Artificer,Gunsmith,18,Linguist|Keen Mind|Sharpshooter,129,15,8,12,14,22,17,20,,Sleight of Hand|Arcana|History|Investigation|Insight,"Handaxe|Crossbow, light",Mending*0|Identify (Ritual)*1|Detect Magic (Ritual)*1,Int,,United States,US,,,,Half-Elf,Mending*0|Identify*1|Detect Magic*1,"Handaxe|Crossbow, Light",naughty_joliot
